seq_num,folder,frame_num,crop_index,label,send_timestamp
0,MVI_39761,1,0,0,1782339350.6317308
1,MVI_39761,1,1,0,1782339350.6317565
2,MVI_39761,1,2,0,1782339350.6512299
3,MVI_39761,1,3,0,1782339350.691266
4,MVI_39761,1,4,0,1782339350.7311323
5,MVI_39761,1,5,0,1782339350.7711575
6,MVI_39761,2,0,0,1782339350.817476
7,MVI_39761,2,1,0,1782339350.8511438
8,MVI_39761,2,2,0,1782339350.8911147
9,MVI_39761,2,3,0,1782339350.9311512
10,MVI_39761,2,4,0,1782339350.9711657
11,MVI_39761,2,5,0,1782339351.011146
12,MVI_39761,3,0,0,1782339351.0585158
13,MVI_39761,3,1,0,1782339351.0911517
14,MVI_39761,3,2,0,1782339351.1311433
15,MVI_39761,3,3,0,1782339351.1711788
16,MVI_39761,3,4,0,1782339351.2111938
17,MVI_39761,3,5,0,1782339351.2513
18,MVI_39761,4,0,0,1782339351.297254
19,MVI_39761,4,1,0,1782339351.3311458
20,MVI_39761,4,2,0,1782339351.3712075
21,MVI_39761,4,3,0,1782339351.4111898
22,MVI_39761,4,4,0,1782339351.4511764
23,MVI_39761,4,5,0,1782339351.4911392
24,MVI_39761,5,0,0,1782339351.5384676
25,MVI_39761,5,1,0,1782339351.571283
26,MVI_39761,5,2,0,1782339351.6111426
27,MVI_39761,5,3,0,1782339351.651165
28,MVI_39761,5,4,0,1782339351.6912878
29,MVI_39761,5,5,0,1782339351.731226
30,MVI_39761,6,0,0,1782339351.777084
31,MVI_39761,6,1,0,1782339351.8111339
32,MVI_39761,6,2,0,1782339351.851121
33,MVI_39761,6,3,0,1782339351.8911617
34,MVI_39761,6,4,0,1782339351.9311357
35,MVI_39761,6,5,0,1782339351.9711561
36,MVI_39761,7,0,0,1782339352.0178785
37,MVI_39761,7,1,0,1782339352.0511417
38,MVI_39761,7,2,0,1782339352.091144
39,MVI_39761,7,3,0,1782339352.131277
40,MVI_39761,7,4,0,1782339352.171142
41,MVI_39761,7,5,0,1782339352.2111328
42,MVI_39761,8,0,0,1782339352.2581758
43,MVI_39761,8,1,0,1782339352.2912138
44,MVI_39761,8,2,0,1782339352.3311496
45,MVI_39761,8,3,0,1782339352.371273
46,MVI_39761,8,4,0,1782339352.4111948
47,MVI_39761,8,5,0,1782339352.4513803
48,MVI_39761,9,0,0,1782339352.4992876
49,MVI_39761,9,1,0,1782339352.531993
50,MVI_39761,9,2,0,1782339352.5714445
51,MVI_39761,9,3,0,1782339352.611218
52,MVI_39761,9,4,0,1782339352.6517959
53,MVI_39761,9,5,0,1782339352.6915612
54,MVI_39761,10,0,0,1782339352.7418911
55,MVI_39761,10,1,0,1782339352.7713811
56,MVI_39761,10,2,0,1782339352.8114693
57,MVI_39761,10,3,0,1782339352.8516588
58,MVI_39761,10,4,0,1782339352.8914654
59,MVI_39761,10,5,0,1782339352.9314384
60,MVI_39761,11,0,0,1782339352.9782765
61,MVI_39761,11,1,0,1782339353.0113316
62,MVI_39761,11,2,0,1782339353.051544
63,MVI_39761,11,3,0,1782339353.091324
64,MVI_39761,11,4,0,1782339353.1314142
65,MVI_39761,11,5,0,1782339353.1712246
66,MVI_39761,12,0,0,1782339353.222114
67,MVI_39761,12,1,0,1782339353.2513247
68,MVI_39761,12,2,0,1782339353.2912042
69,MVI_39761,12,3,0,1782339353.3313634
70,MVI_39761,12,4,0,1782339353.3713253
71,MVI_39761,12,5,0,1782339353.4114387
72,MVI_39761,13,0,0,1782339353.4611125
73,MVI_39761,13,1,0,1782339353.4912343
74,MVI_39761,13,2,0,1782339353.5316303
75,MVI_39761,13,3,0,1782339353.5712829
76,MVI_39761,13,4,0,1782339353.6112347
77,MVI_39761,13,5,0,1782339353.6514254
78,MVI_39761,14,0,0,1782339353.7014601
79,MVI_39761,14,1,0,1782339353.7313647
80,MVI_39761,14,2,0,1782339353.7713435
81,MVI_39761,14,3,0,1782339353.8113785
82,MVI_39761,14,4,0,1782339353.851433
83,MVI_39761,14,5,0,1782339353.8914104
84,MVI_39761,15,0,0,1782339353.9392657
85,MVI_39761,15,1,0,1782339353.9712982
86,MVI_39761,15,2,0,1782339354.0114577
87,MVI_39761,15,3,0,1782339354.0515018
88,MVI_39761,15,4,0,1782339354.0913615
89,MVI_39761,15,5,0,1782339354.1314657
90,MVI_39761,16,0,0,1782339354.181155
91,MVI_39761,16,1,0,1782339354.2113183
92,MVI_39761,16,2,0,1782339354.2512352
93,MVI_39761,16,3,0,1782339354.291284
94,MVI_39761,16,4,0,1782339354.3314612
95,MVI_39761,16,5,0,1782339354.371367
96,MVI_39761,17,0,0,1782339354.4217336
97,MVI_39761,17,1,0,1782339354.4513252
98,MVI_39761,17,2,0,1782339354.4914439
99,MVI_39761,17,3,0,1782339354.5316103
100,MVI_39761,17,4,0,1782339354.5714316
101,MVI_39761,18,0,0,1782339354.6206975
102,MVI_39761,18,1,0,1782339354.6514745
103,MVI_39761,18,2,0,1782339354.6914322
104,MVI_39761,18,3,0,1782339354.7317033
105,MVI_39761,18,4,0,1782339354.771411
106,MVI_39761,19,0,0,1782339354.8223205
107,MVI_39761,19,1,0,1782339354.8514943
108,MVI_39761,19,2,0,1782339354.8912313
109,MVI_39761,19,3,0,1782339354.9314885
110,MVI_39761,19,4,0,1782339354.9713895
111,MVI_39761,20,0,0,1782339355.0218158
112,MVI_39761,20,1,0,1782339355.0515625
113,MVI_39761,20,2,0,1782339355.0912645
114,MVI_39761,20,3,0,1782339355.1315532
115,MVI_39761,20,4,0,1782339355.171449
116,MVI_39761,21,0,0,1782339355.2190835
117,MVI_39761,21,1,0,1782339355.2514493
118,MVI_39761,21,2,0,1782339355.2914026
119,MVI_39761,21,3,0,1782339355.331633
120,MVI_39761,21,4,0,1782339355.3714387
121,MVI_39761,22,0,0,1782339355.422694
122,MVI_39761,22,1,0,1782339355.4514525
123,MVI_39761,22,2,0,1782339355.4914868
124,MVI_39761,22,3,0,1782339355.5313776
125,MVI_39761,22,4,0,1782339355.5714417
126,MVI_39761,23,0,0,1782339355.6223757
127,MVI_39761,23,1,0,1782339355.6513445
128,MVI_39761,23,2,0,1782339355.6912606
129,MVI_39761,23,3,0,1782339355.7316833
130,MVI_39761,23,4,0,1782339355.7715528
131,MVI_39761,24,0,0,1782339355.82181
132,MVI_39761,24,1,0,1782339355.8512902
133,MVI_39761,24,2,0,1782339355.8914125
134,MVI_39761,24,3,0,1782339355.931614
135,MVI_39761,24,4,0,1782339355.9714015
136,MVI_39761,25,0,0,1782339356.0235195
137,MVI_39761,25,1,0,1782339356.0516298
138,MVI_39761,25,2,0,1782339356.0912993
139,MVI_39761,25,3,0,1782339356.1314087
140,MVI_39761,25,4,0,1782339356.1712222
141,MVI_39761,26,0,0,1782339356.2225118
142,MVI_39761,26,1,0,1782339356.251614
143,MVI_39761,26,2,0,1782339356.2914286
144,MVI_39761,26,3,0,1782339356.3316126
145,MVI_39761,26,4,0,1782339356.371447
146,MVI_39761,27,0,0,1782339356.422339
147,MVI_39761,27,1,0,1782339356.4513896
148,MVI_39761,27,2,0,1782339356.4912982
149,MVI_39761,27,3,0,1782339356.5315716
150,MVI_39761,27,4,0,1782339356.5714319
151,MVI_39761,28,0,0,1782339356.6216724
152,MVI_39761,28,1,0,1782339356.6515224
153,MVI_39761,28,2,0,1782339356.6914315
154,MVI_39761,28,3,0,1782339356.7313805
155,MVI_39761,28,4,0,1782339356.7713983
156,MVI_39761,29,0,0,1782339356.8179207
157,MVI_39761,29,1,0,1782339356.8513896
158,MVI_39761,29,2,0,1782339356.8913105
159,MVI_39761,29,3,0,1782339356.9314322
160,MVI_39761,29,4,0,1782339356.9715047
161,MVI_39761,30,0,0,1782339357.0217154
162,MVI_39761,30,1,0,1782339357.0514143
163,MVI_39761,30,2,0,1782339357.0913963
164,MVI_39761,30,3,0,1782339357.1312563
165,MVI_39761,30,4,0,1782339357.1712997
166,MVI_39761,31,0,0,1782339357.2213092
167,MVI_39761,31,1,0,1782339357.251372
168,MVI_39761,31,2,0,1782339357.2916408
169,MVI_39761,31,3,0,1782339357.3315163
170,MVI_39761,31,4,0,1782339357.3716102
171,MVI_39761,32,0,0,1782339357.420807
172,MVI_39761,32,1,0,1782339357.4511924
173,MVI_39761,32,2,0,1782339357.4912646
174,MVI_39761,32,3,0,1782339357.531411
175,MVI_39761,32,4,0,1782339357.5714695
176,MVI_39761,33,0,0,1782339357.6207995
177,MVI_39761,33,1,0,1782339357.651394
178,MVI_39761,33,2,0,1782339357.6922946
179,MVI_39761,33,3,0,1782339357.7314377
180,MVI_39761,33,4,0,1782339357.7712295
181,MVI_39761,34,0,0,1782339357.821064
182,MVI_39761,34,1,0,1782339357.8513758
183,MVI_39761,34,2,0,1782339357.8912754
184,MVI_39761,34,3,0,1782339357.9313967
185,MVI_39761,34,4,0,1782339357.9714265
186,MVI_39761,35,0,0,1782339358.0216792
187,MVI_39761,35,1,0,1782339358.0512166
188,MVI_39761,35,2,0,1782339358.0911987
189,MVI_39761,35,3,0,1782339358.1313896
190,MVI_39761,35,4,0,1782339358.1714754
191,MVI_39761,36,0,0,1782339358.2188203
192,MVI_39761,36,1,0,1782339358.2514043
193,MVI_39761,36,2,0,1782339358.2914732
194,MVI_39761,36,3,0,1782339358.3314211
195,MVI_39761,36,4,0,1782339358.3713908
196,MVI_39761,37,0,0,1782339358.4182906
197,MVI_39761,37,1,0,1782339358.4513798
198,MVI_39761,37,2,0,1782339358.4915185
199,MVI_39761,37,3,0,1782339358.531429
200,MVI_39761,37,4,0,1782339358.5714462
201,MVI_39761,38,0,0,1782339358.621473
202,MVI_39761,38,1,0,1782339358.6514747
203,MVI_39761,38,2,0,1782339358.6912744
204,MVI_39761,38,3,0,1782339358.7312136
205,MVI_39761,38,4,0,1782339358.7713337
206,MVI_39761,39,0,0,1782339358.8207872
207,MVI_39761,39,1,0,1782339358.85119
208,MVI_39761,39,2,0,1782339358.8912852
209,MVI_39761,39,3,0,1782339358.9314907
210,MVI_39761,39,4,0,1782339358.9714572
211,MVI_39761,40,0,0,1782339359.0217652
212,MVI_39761,40,1,0,1782339359.0512638
213,MVI_39761,40,2,0,1782339359.0913165
214,MVI_39761,40,3,0,1782339359.1313877
215,MVI_39761,40,4,0,1782339359.1714761
216,MVI_39761,40,5,0,1782339359.2114625
217,MVI_39761,41,0,0,1782339359.2613473
218,MVI_39761,41,1,0,1782339359.2913618
219,MVI_39761,41,2,0,1782339359.331323
220,MVI_39761,41,3,0,1782339359.3712676
221,MVI_39761,41,4,0,1782339359.4114075
222,MVI_39761,41,5,0,1782339359.4514768
223,MVI_39761,42,0,0,1782339359.502023
224,MVI_39761,42,1,0,1782339359.5314136
225,MVI_39761,42,2,0,1782339359.571508
226,MVI_39761,42,3,0,1782339359.6113799
227,MVI_39761,42,4,0,1782339359.6514676
228,MVI_39761,42,5,0,1782339359.6911724
229,MVI_39761,43,0,0,1782339359.742004
230,MVI_39761,43,1,0,1782339359.7714434
231,MVI_39761,43,2,0,1782339359.811281
232,MVI_39761,43,3,0,1782339359.8514297
233,MVI_39761,43,4,0,1782339359.8911998
234,MVI_39761,43,5,0,1782339359.9315217
235,MVI_39761,44,0,0,1782339359.9809167
236,MVI_39761,44,1,0,1782339360.011177
237,MVI_39761,44,2,0,1782339360.0515115
238,MVI_39761,44,3,0,1782339360.0912225
239,MVI_39761,44,4,0,1782339360.1314447
240,MVI_39761,44,5,0,1782339360.171481
241,MVI_39761,45,0,0,1782339360.2226448
242,MVI_39761,45,1,0,1782339360.2515802
243,MVI_39761,45,2,0,1782339360.2912045
244,MVI_39761,45,3,0,1782339360.3312652
245,MVI_39761,45,4,0,1782339360.3714712
246,MVI_39761,45,5,0,1782339360.4113173
247,MVI_39761,46,0,0,1782339360.4619668
248,MVI_39761,46,1,0,1782339360.4914334
249,MVI_39761,46,2,0,1782339360.5313792
250,MVI_39761,46,3,0,1782339360.5715916
251,MVI_39761,46,4,0,1782339360.6114516
252,MVI_39761,46,5,0,1782339360.651223
253,MVI_39761,46,6,0,1782339360.6914744
254,MVI_39761,47,0,0,1782339360.741566
255,MVI_39761,47,1,0,1782339360.771405
256,MVI_39761,47,2,0,1782339360.811455
257,MVI_39761,47,3,0,1782339360.8514936
258,MVI_39761,47,4,0,1782339360.891447
259,MVI_39761,47,5,0,1782339360.9314837
260,MVI_39761,47,6,0,1782339360.971416
261,MVI_39761,48,0,0,1782339361.0222845
262,MVI_39761,48,1,0,1782339361.0514624
263,MVI_39761,48,2,0,1782339361.0914261
264,MVI_39761,48,3,0,1782339361.1314163
265,MVI_39761,48,4,0,1782339361.1715271
266,MVI_39761,48,5,0,1782339361.2116032
267,MVI_39761,48,6,0,1782339361.251498
268,MVI_39761,49,0,0,1782339361.3010821
269,MVI_39761,49,1,0,1782339361.3313584
270,MVI_39761,49,2,0,1782339361.3715923
271,MVI_39761,49,3,0,1782339361.4113832
272,MVI_39761,49,4,0,1782339361.4512355
273,MVI_39761,49,5,0,1782339361.4916904
274,MVI_39761,49,6,0,1782339361.531348
275,MVI_39761,50,0,0,1782339361.5812514
276,MVI_39761,50,1,0,1782339361.6114233
277,MVI_39761,50,2,0,1782339361.6514
278,MVI_39761,50,3,0,1782339361.691405
279,MVI_39761,50,4,0,1782339361.7312818
280,MVI_39761,50,5,0,1782339361.7714214
281,MVI_39761,50,6,0,1782339361.8114135
282,MVI_39771,1,0,0,1782339361.8919835
283,MVI_39771,1,1,0,1782339361.8920028
284,MVI_39771,1,2,0,1782339361.9313223
285,MVI_39771,1,3,0,1782339361.9712982
286,MVI_39771,1,4,0,1782339362.011463
287,MVI_39771,1,5,2,1782339362.0513265
288,MVI_39771,2,0,0,1782339362.1014416
289,MVI_39771,2,1,0,1782339362.1314237
290,MVI_39771,2,2,0,1782339362.1714587
291,MVI_39771,2,3,0,1782339362.2114334
292,MVI_39771,2,4,0,1782339362.2513254
293,MVI_39771,2,5,2,1782339362.2913058
294,MVI_39771,3,0,0,1782339362.3426223
295,MVI_39771,3,1,0,1782339362.3714325
296,MVI_39771,3,2,0,1782339362.4114242
297,MVI_39771,3,3,0,1782339362.4512222
298,MVI_39771,3,4,0,1782339362.4913979
299,MVI_39771,3,5,2,1782339362.531384
300,MVI_39771,4,0,0,1782339362.5784397
301,MVI_39771,4,1,0,1782339362.6113873
302,MVI_39771,4,2,0,1782339362.6513937
303,MVI_39771,4,3,0,1782339362.6914117
304,MVI_39771,4,4,0,1782339362.7313948
305,MVI_39771,4,5,2,1782339362.7714121
306,MVI_39771,5,0,0,1782339362.8201168
307,MVI_39771,5,1,0,1782339362.851381
308,MVI_39771,5,2,0,1782339362.8913002
309,MVI_39771,5,3,0,1782339362.9313354
310,MVI_39771,5,4,0,1782339362.9714928
311,MVI_39771,5,5,2,1782339363.0113935
312,MVI_39771,6,0,0,1782339363.0624645
313,MVI_39771,6,1,0,1782339363.0912004
314,MVI_39771,6,2,0,1782339363.1311848
315,MVI_39771,6,3,0,1782339363.171204
316,MVI_39771,6,4,0,1782339363.211395
317,MVI_39771,6,5,2,1782339363.2514057
318,MVI_39771,7,0,0,1782339363.3023527
319,MVI_39771,7,1,0,1782339363.3312683
320,MVI_39771,7,2,0,1782339363.371275
321,MVI_39771,7,3,0,1782339363.4114857
322,MVI_39771,7,4,0,1782339363.4514647
323,MVI_39771,7,5,2,1782339363.4912353
324,MVI_39771,8,0,0,1782339363.542937
325,MVI_39771,8,1,0,1782339363.5714078
326,MVI_39771,8,2,0,1782339363.6112614
327,MVI_39771,8,3,0,1782339363.651434
328,MVI_39771,8,4,0,1782339363.6914575
329,MVI_39771,8,5,2,1782339363.7312245
330,MVI_39771,9,0,0,1782339363.78148
331,MVI_39771,9,1,0,1782339363.8114092
332,MVI_39771,9,2,0,1782339363.8513982
333,MVI_39771,9,3,0,1782339363.8913274
334,MVI_39771,9,4,0,1782339363.9314237
335,MVI_39771,9,5,2,1782339363.9713662
336,MVI_39771,10,0,0,1782339364.019292
337,MVI_39771,10,1,0,1782339364.051296
338,MVI_39771,10,2,0,1782339364.0912747
339,MVI_39771,10,3,0,1782339364.1312845
340,MVI_39771,10,4,0,1782339364.1713114
341,MVI_39771,10,5,2,1782339364.211274
342,MVI_39771,11,0,0,1782339364.2628124
343,MVI_39771,11,1,0,1782339364.2914112
344,MVI_39771,11,2,0,1782339364.3312993
345,MVI_39771,11,3,0,1782339364.3714745
346,MVI_39771,11,4,0,1782339364.4114552
347,MVI_39771,11,5,2,1782339364.4514482
348,MVI_39771,11,6,0,1782339364.4914215
349,MVI_39771,11,7,0,1782339364.531209
350,MVI_39771,12,0,0,1782339364.5798743
351,MVI_39771,12,1,0,1782339364.6113255
352,MVI_39771,12,2,0,1782339364.6513524
353,MVI_39771,12,3,0,1782339364.691375
354,MVI_39771,12,4,0,1782339364.7313766
355,MVI_39771,12,5,2,1782339364.771457
356,MVI_39771,12,6,0,1782339364.8112667
357,MVI_39771,12,7,0,1782339364.851281
358,MVI_39771,13,0,0,1782339364.9031594
359,MVI_39771,13,1,0,1782339364.931272
360,MVI_39771,13,2,0,1782339364.9714255
361,MVI_39771,13,3,0,1782339365.0114417
362,MVI_39771,13,4,0,1782339365.0513036
363,MVI_39771,13,5,2,1782339365.091307
364,MVI_39771,13,6,0,1782339365.1314452
365,MVI_39771,13,7,0,1782339365.1712327
366,MVI_39771,14,0,0,1782339365.2234294
367,MVI_39771,14,1,0,1782339365.2512074
368,MVI_39771,14,2,0,1782339365.2914138
369,MVI_39771,14,3,0,1782339365.3314426
370,MVI_39771,14,4,0,1782339365.371455
371,MVI_39771,14,5,2,1782339365.4114754
372,MVI_39771,14,6,0,1782339365.4511895
373,MVI_39771,14,7,0,1782339365.491344
374,MVI_39771,15,0,0,1782339365.5389986
375,MVI_39771,15,1,0,1782339365.5714374
376,MVI_39771,15,2,0,1782339365.611329
377,MVI_39771,15,3,0,1782339365.6515887
378,MVI_39771,15,4,0,1782339365.691396
379,MVI_39771,15,5,2,1782339365.7314646
380,MVI_39771,15,6,0,1782339365.7712667
381,MVI_39771,15,7,0,1782339365.8112667
382,MVI_39771,16,0,0,1782339365.8632326
383,MVI_39771,16,1,0,1782339365.8913968
384,MVI_39771,16,2,0,1782339365.9314506
385,MVI_39771,16,3,0,1782339365.971421
386,MVI_39771,16,4,0,1782339366.0113933
387,MVI_39771,16,5,2,1782339366.051292
388,MVI_39771,16,6,0,1782339366.091262
389,MVI_39771,16,7,0,1782339366.1314442
390,MVI_39771,17,0,0,1782339366.18364
391,MVI_39771,17,1,0,1782339366.21143
392,MVI_39771,17,2,0,1782339366.2512746
393,MVI_39771,17,3,0,1782339366.2915485
394,MVI_39771,17,4,0,1782339366.3314772
395,MVI_39771,17,5,2,1782339366.3713796
396,MVI_39771,17,6,0,1782339366.4112365
397,MVI_39771,17,7,0,1782339366.4512906
398,MVI_39771,18,0,0,1782339366.5029547
399,MVI_39771,18,1,0,1782339366.531407
400,MVI_39771,18,2,0,1782339366.5712605
401,MVI_39771,18,3,0,1782339366.6112916
402,MVI_39771,18,4,0,1782339366.6513422
403,MVI_39771,18,5,2,1782339366.6914756
404,MVI_39771,18,6,0,1782339366.7313383
405,MVI_39771,18,7,0,1782339366.771462
406,MVI_39771,19,0,0,1782339366.8187518
407,MVI_39771,19,1,0,1782339366.8514318
408,MVI_39771,19,2,0,1782339366.8912168
409,MVI_39771,19,3,0,1782339366.931445
410,MVI_39771,19,4,0,1782339366.9713173
411,MVI_39771,19,5,2,1782339367.011502
412,MVI_39771,19,6,0,1782339367.051217
413,MVI_39771,19,7,0,1782339367.091481
414,MVI_39771,20,0,0,1782339367.143168
415,MVI_39771,20,1,0,1782339367.1714277
416,MVI_39771,20,2,0,1782339367.2112668
417,MVI_39771,20,3,0,1782339367.2514555
418,MVI_39771,20,4,0,1782339367.2914345
419,MVI_39771,20,5,2,1782339367.33146
420,MVI_39771,20,6,0,1782339367.3713813
421,MVI_39771,20,7,0,1782339367.4115193
422,MVI_39771,21,0,0,1782339367.4634466
423,MVI_39771,21,1,0,1782339367.4913356
424,MVI_39771,21,2,0,1782339367.5312145
425,MVI_39771,21,3,0,1782339367.5714192
426,MVI_39771,21,4,0,1782339367.611403
427,MVI_39771,21,5,2,1782339367.6517346
428,MVI_39771,21,6,0,1782339367.691424
429,MVI_39771,21,7,0,1782339367.7314022
430,MVI_39771,22,0,0,1782339367.7814815
431,MVI_39771,22,1,0,1782339367.8113866
432,MVI_39771,22,2,0,1782339367.8512175
433,MVI_39771,22,3,0,1782339367.8914495
434,MVI_39771,22,4,2,1782339367.9313326
435,MVI_39771,22,5,0,1782339367.9713943
436,MVI_39771,22,6,0,1782339368.0112197
437,MVI_39771,23,0,0,1782339368.0635476
438,MVI_39771,23,1,0,1782339368.0914104
439,MVI_39771,23,2,0,1782339368.1314614
440,MVI_39771,23,3,0,1782339368.1711838
441,MVI_39771,23,4,2,1782339368.2113528
442,MVI_39771,23,5,0,1782339368.2514865
443,MVI_39771,23,6,0,1782339368.2912335
444,MVI_39771,24,0,0,1782339368.340998
445,MVI_39771,24,1,0,1782339368.3715794
446,MVI_39771,24,2,0,1782339368.4119236
447,MVI_39771,24,3,0,1782339368.4512746
448,MVI_39771,24,4,2,1782339368.4913719
449,MVI_39771,24,5,0,1782339368.531441
450,MVI_39771,24,6,0,1782339368.571505
451,MVI_39771,25,0,0,1782339368.6224687
452,MVI_39771,25,1,0,1782339368.6513464
453,MVI_39771,25,2,0,1782339368.6915681
454,MVI_39771,25,3,0,1782339368.731435
455,MVI_39771,25,4,2,1782339368.7715814
456,MVI_39771,25,5,0,1782339368.8112907
457,MVI_39771,25,6,0,1782339368.8514872
458,MVI_39771,26,0,0,1782339368.9034197
459,MVI_39771,26,1,0,1782339368.9314618
460,MVI_39771,26,2,0,1782339368.9712176
461,MVI_39771,26,3,0,1782339369.0113268
462,MVI_39771,26,4,2,1782339369.0514996
463,MVI_39771,26,5,0,1782339369.09143
464,MVI_39771,26,6,0,1782339369.1313825
465,MVI_39771,27,0,0,1782339369.1829712
466,MVI_39771,27,1,0,1782339369.211591
467,MVI_39771,27,2,0,1782339369.2515545
468,MVI_39771,27,3,0,1782339369.2912242
469,MVI_39771,27,4,2,1782339369.3315885
470,MVI_39771,27,5,0,1782339369.3712263
471,MVI_39771,27,6,0,1782339369.4114237
472,MVI_39771,28,0,0,1782339369.4588318
473,MVI_39771,28,1,0,1782339369.4914365
474,MVI_39771,28,2,0,1782339369.5314949
475,MVI_39771,28,3,0,1782339369.5716763
476,MVI_39771,28,4,2,1782339369.6114047
477,MVI_39771,28,5,0,1782339369.651498
478,MVI_39771,28,6,0,1782339369.6914318
479,MVI_39771,29,0,0,1782339369.7423623
480,MVI_39771,29,1,0,1782339369.771238
481,MVI_39771,29,2,0,1782339369.81152
482,MVI_39771,29,3,0,1782339369.8514988
483,MVI_39771,29,4,2,1782339369.8912048
484,MVI_39771,29,5,0,1782339369.9314098
485,MVI_39771,29,6,0,1782339369.971501
486,MVI_39771,30,0,0,1782339370.0208447
487,MVI_39771,30,1,0,1782339370.0512195
488,MVI_39771,30,2,0,1782339370.0912955
489,MVI_39771,30,3,0,1782339370.131368
490,MVI_39771,30,4,2,1782339370.1713324
491,MVI_39771,30,5,0,1782339370.2113783
492,MVI_39771,30,6,0,1782339370.2512834
493,MVI_39771,31,0,0,1782339370.3023639
494,MVI_39771,31,1,0,1782339370.3314764
495,MVI_39771,31,2,0,1782339370.371485
496,MVI_39771,31,3,0,1782339370.4114892
497,MVI_39771,31,4,2,1782339370.4514287
498,MVI_39771,31,5,0,1782339370.4914749
499,MVI_39771,31,6,0,1782339370.5318701
500,MVI_39771,32,0,0,1782339370.58237
501,MVI_39771,32,1,0,1782339370.6114347
502,MVI_39771,32,2,0,1782339370.6512208
503,MVI_39771,32,3,0,1782339370.6913948
504,MVI_39771,32,4,2,1782339370.7313871
505,MVI_39771,32,5,0,1782339370.7712803
506,MVI_39771,32,6,0,1782339370.8114464
507,MVI_39771,33,0,0,1782339370.8618429
508,MVI_39771,33,1,0,1782339370.8914964
509,MVI_39771,33,2,0,1782339370.9314454
510,MVI_39771,33,3,0,1782339370.9712193
511,MVI_39771,33,4,2,1782339371.0115857
512,MVI_39771,33,5,0,1782339371.0513206
513,MVI_39771,33,6,0,1782339371.0913405
514,MVI_39771,34,0,0,1782339371.1405728
515,MVI_39771,34,1,0,1782339371.171416
516,MVI_39771,34,2,0,1782339371.211231
517,MVI_39771,34,3,0,1782339371.2513764
518,MVI_39771,34,4,2,1782339371.2914896
519,MVI_39771,34,5,0,1782339371.3313837
520,MVI_39771,34,6,0,1782339371.3712857
521,MVI_39771,35,0,0,1782339371.4210324
522,MVI_39771,35,1,0,1782339371.4513514
523,MVI_39771,35,2,0,1782339371.4913092
524,MVI_39771,35,3,0,1782339371.5313025
525,MVI_39771,35,4,2,1782339371.5712292
526,MVI_39771,35,5,0,1782339371.6114104
527,MVI_39771,35,6,0,1782339371.6514575
528,MVI_39771,36,0,0,1782339371.7027264
529,MVI_39771,36,1,0,1782339371.731517
530,MVI_39771,36,2,0,1782339371.771419
531,MVI_39771,36,3,0,1782339371.8114946
532,MVI_39771,36,4,2,1782339371.8517087
533,MVI_39771,36,5,0,1782339371.8914688
534,MVI_39771,36,6,0,1782339371.9314632
535,MVI_39771,37,0,0,1782339371.983454
536,MVI_39771,37,1,0,1782339372.0114763
537,MVI_39771,37,2,0,1782339372.051309
538,MVI_39771,37,3,0,1782339372.0914683
539,MVI_39771,37,4,2,1782339372.1314225
540,MVI_39771,37,5,0,1782339372.1714318
541,MVI_39771,37,6,0,1782339372.2114396
542,MVI_39771,38,0,0,1782339372.2622194
543,MVI_39771,38,1,0,1782339372.291355
544,MVI_39771,38,2,0,1782339372.3313322
545,MVI_39771,38,3,0,1782339372.3714974
546,MVI_39771,38,4,2,1782339372.4114869
547,MVI_39771,38,5,0,1782339372.4513881
548,MVI_39771,38,6,0,1782339372.4914398
549,MVI_39771,39,0,0,1782339372.5417907
550,MVI_39771,39,1,0,1782339372.5714824
551,MVI_39771,39,2,0,1782339372.6114054
552,MVI_39771,39,3,0,1782339372.6514027
553,MVI_39771,39,4,2,1782339372.6914146
554,MVI_39771,39,5,0,1782339372.7312799
555,MVI_39771,39,6,0,1782339372.7712193
556,MVI_39771,40,0,0,1782339372.822702
557,MVI_39771,40,1,0,1782339372.8514304
558,MVI_39771,40,2,0,1782339372.891211
559,MVI_39771,40,3,0,1782339372.9314013
560,MVI_39771,40,4,2,1782339372.9714894
561,MVI_39771,40,5,0,1782339373.0114176
562,MVI_39771,40,6,0,1782339373.0515192
563,MVI_39771,41,0,0,1782339373.1034336
564,MVI_39771,41,1,0,1782339373.1312664
565,MVI_39771,41,2,0,1782339373.1712742
566,MVI_39771,41,3,0,1782339373.2114403
567,MVI_39771,41,4,2,1782339373.2515154
568,MVI_39771,41,5,0,1782339373.291479
569,MVI_39771,41,6,0,1782339373.3314867
570,MVI_39771,42,0,0,1782339373.3809454
571,MVI_39771,42,1,0,1782339373.411379
572,MVI_39771,42,2,0,1782339373.4513948
573,MVI_39771,42,3,0,1782339373.4914453
574,MVI_39771,42,4,2,1782339373.5312943
575,MVI_39771,42,5,0,1782339373.5714896
576,MVI_39771,42,6,0,1782339373.611442
577,MVI_39771,43,0,0,1782339373.6596258
578,MVI_39771,43,1,0,1782339373.6913774
579,MVI_39771,43,2,0,1782339373.7316236
580,MVI_39771,43,3,0,1782339373.7714374
581,MVI_39771,43,4,2,1782339373.811272
582,MVI_39771,43,5,0,1782339373.851603
583,MVI_39771,43,6,0,1782339373.8914258
584,MVI_39771,44,0,0,1782339373.9399107
585,MVI_39771,44,1,0,1782339373.9713638
586,MVI_39771,44,2,0,1782339374.011281
587,MVI_39771,44,3,0,1782339374.0512984
588,MVI_39771,44,4,2,1782339374.0913942
589,MVI_39771,44,5,0,1782339374.1313827
590,MVI_39771,44,6,0,1782339374.1715696
591,MVI_39771,45,0,0,1782339374.2214122
592,MVI_39771,45,1,0,1782339374.251328
593,MVI_39771,45,2,0,1782339374.2912624
594,MVI_39771,45,3,0,1782339374.331402
595,MVI_39771,45,4,2,1782339374.371478
596,MVI_39771,45,5,0,1782339374.4114947
597,MVI_39771,45,6,0,1782339374.4513533
598,MVI_39771,46,0,0,1782339374.5034232
599,MVI_39771,46,1,0,1782339374.5313878
600,MVI_39771,46,2,0,1782339374.571393
601,MVI_39771,46,3,0,1782339374.6114686
602,MVI_39771,46,4,2,1782339374.6512961
603,MVI_39771,46,5,0,1782339374.6912737
604,MVI_39771,46,6,0,1782339374.731376
605,MVI_39771,47,0,0,1782339374.7831774
606,MVI_39771,47,1,0,1782339374.81133
607,MVI_39771,47,2,0,1782339374.8514633
608,MVI_39771,47,3,2,1782339374.891488
609,MVI_39771,47,4,0,1782339374.9314058
610,MVI_39771,47,5,0,1782339374.9714365
611,MVI_39771,48,0,0,1782339375.0226402
612,MVI_39771,48,1,0,1782339375.0514333
613,MVI_39771,48,2,0,1782339375.091589
614,MVI_39771,48,3,2,1782339375.131201
615,MVI_39771,48,4,0,1782339375.171457
616,MVI_39771,48,5,0,1782339375.2117124
617,MVI_39771,49,0,0,1782339375.2602935
618,MVI_39771,49,1,0,1782339375.2912247
619,MVI_39771,49,2,0,1782339375.331324
620,MVI_39771,49,3,2,1782339375.371275
621,MVI_39771,49,4,0,1782339375.4112184
622,MVI_39771,49,5,0,1782339375.4512208
623,MVI_39771,50,0,0,1782339375.4979768
624,MVI_39771,50,1,0,1782339375.5313063
625,MVI_39771,50,2,0,1782339375.571435
626,MVI_39771,50,3,2,1782339375.611282
627,MVI_39771,50,4,0,1782339375.6512737
628,MVI_39771,50,5,0,1782339375.6912577
629,MVI_39781,1,0,0,1782339375.827692
630,MVI_39781,1,1,0,1782339375.8277106
631,MVI_39781,1,2,0,1782339375.827724
632,MVI_39781,2,0,0,1782339375.8578198
633,MVI_39781,2,1,0,1782339375.8912296
634,MVI_39781,2,2,0,1782339375.9314475
635,MVI_39781,3,0,0,1782339375.9808846
636,MVI_39781,3,1,0,1782339376.0114436
637,MVI_39781,3,2,0,1782339376.051402
638,MVI_39781,4,0,0,1782339376.0980384
639,MVI_39781,4,1,0,1782339376.1313987
640,MVI_39781,4,2,0,1782339376.1713603
641,MVI_39781,5,0,0,1782339376.2193377
642,MVI_39781,5,1,0,1782339376.2511795
643,MVI_39781,5,2,0,1782339376.2912073
644,MVI_39781,6,0,0,1782339376.3423135
645,MVI_39781,6,1,0,1782339376.3713517
646,MVI_39781,6,2,0,1782339376.4112687
647,MVI_39781,7,0,0,1782339376.4629815
648,MVI_39781,7,1,0,1782339376.4913898
649,MVI_39781,7,2,0,1782339376.5314019
650,MVI_39781,8,0,0,1782339376.580283
651,MVI_39781,8,1,0,1782339376.6113675
652,MVI_39781,8,2,0,1782339376.6514423
653,MVI_39781,9,0,0,1782339376.6977212
654,MVI_39781,9,1,0,1782339376.7314475
655,MVI_39781,9,2,0,1782339376.7713997
656,MVI_39781,10,0,0,1782339376.8187516
657,MVI_39781,10,1,0,1782339376.8513622
658,MVI_39781,10,2,0,1782339376.8915653
659,MVI_39781,11,0,0,1782339376.9419913
660,MVI_39781,11,1,0,1782339376.9714217
661,MVI_39781,11,2,0,1782339377.0113862
662,MVI_39781,12,0,0,1782339377.062093
663,MVI_39781,12,1,0,1782339377.0913372
664,MVI_39781,12,2,0,1782339377.1318028
665,MVI_39781,13,0,0,1782339377.1778464
666,MVI_39781,13,1,0,1782339377.2113938
667,MVI_39781,13,2,0,1782339377.2514992
668,MVI_39781,14,0,0,1782339377.3003464
669,MVI_39781,14,1,0,1782339377.3314195
670,MVI_39781,14,2,0,1782339377.3713737
671,MVI_39781,15,0,0,1782339377.4209788
672,MVI_39781,15,1,0,1782339377.4512012
673,MVI_39781,15,2,0,1782339377.4913
674,MVI_39781,16,0,0,1782339377.5403123
675,MVI_39781,16,1,0,1782339377.571804
676,MVI_39781,16,2,0,1782339377.6113853
677,MVI_39781,17,0,0,1782339377.6613727
678,MVI_39781,17,1,0,1782339377.6913674
679,MVI_39781,17,2,0,1782339377.7312305
680,MVI_39781,18,0,0,1782339377.7816486
681,MVI_39781,18,1,0,1782339377.8114169
682,MVI_39781,18,2,0,1782339377.851376
683,MVI_39781,19,0,0,1782339377.8997095
684,MVI_39781,19,1,0,1782339377.9313786
685,MVI_39781,19,2,0,1782339377.9714425
686,MVI_39781,20,0,0,1782339378.0196567
687,MVI_39781,20,1,0,1782339378.0512943
688,MVI_39781,20,2,0,1782339378.0918095
689,MVI_39781,21,0,0,1782339378.141921
690,MVI_39781,21,1,0,1782339378.1712844
691,MVI_39781,21,2,0,1782339378.2114077
692,MVI_39781,22,0,0,1782339378.2607408
693,MVI_39781,22,1,0,1782339378.2912307
694,MVI_39781,22,2,0,1782339378.3312895
695,MVI_39781,23,0,0,1782339378.3794253
696,MVI_39781,23,1,0,1782339378.4115446
697,MVI_39781,23,2,0,1782339378.4514232
698,MVI_39781,24,0,0,1782339378.4991202
699,MVI_39781,24,1,0,1782339378.531191
700,MVI_39781,24,2,0,1782339378.5712073
701,MVI_39781,25,0,0,1782339378.6226478
702,MVI_39781,25,1,0,1782339378.6514354
703,MVI_39781,25,2,0,1782339378.6912653
704,MVI_39781,26,0,0,1782339378.7398705
705,MVI_39781,26,1,0,1782339378.7713742
706,MVI_39781,26,2,0,1782339378.8112907
707,MVI_39781,27,0,0,1782339378.8589816
708,MVI_39781,27,1,0,1782339378.8913713
709,MVI_39781,28,0,0,1782339378.9376163
710,MVI_39781,28,1,0,1782339378.971445
711,MVI_39781,29,0,0,1782339379.0182998
712,MVI_39781,29,1,0,1782339379.0513666
713,MVI_39781,30,0,0,1782339379.0989141
714,MVI_39781,30,1,0,1782339379.1313038
715,MVI_39781,31,0,0,1782339379.1808898
716,MVI_39781,31,1,0,1782339379.2114184
717,MVI_39781,32,0,0,1782339379.2596254
718,MVI_39781,32,1,0,1782339379.2914457
719,MVI_39781,33,0,0,1782339379.3393853
720,MVI_39781,33,1,0,1782339379.3713524
721,MVI_39781,34,0,0,1782339379.424085
722,MVI_39781,34,1,0,1782339379.4512246
723,MVI_39781,35,0,0,1782339379.5006938
724,MVI_39781,35,1,0,1782339379.5313144
725,MVI_39781,36,0,0,1782339379.5789719
726,MVI_39781,36,1,0,1782339379.6112268
727,MVI_39781,37,0,0,1782339379.659466
728,MVI_39781,37,1,0,1782339379.691346
729,MVI_39781,38,0,0,1782339379.7386231
730,MVI_39781,38,1,0,1782339379.771296
731,MVI_39781,39,0,0,1782339379.8190007
732,MVI_39781,39,1,0,1782339379.8513288
733,MVI_39781,40,0,0,1782339379.8982549
734,MVI_39781,40,1,0,1782339379.9313934
735,MVI_39781,41,0,0,1782339379.9779246
736,MVI_39781,41,1,0,1782339380.0113635
737,MVI_39781,42,0,0,1782339380.0589652
738,MVI_39781,42,1,0,1782339380.0912054
739,MVI_39781,43,0,0,1782339380.1388464
740,MVI_39781,43,1,0,1782339380.1713963
741,MVI_39781,44,0,0,1782339380.2213955
742,MVI_39781,44,1,0,1782339380.2517726
743,MVI_39781,45,0,0,1782339380.299644
744,MVI_39781,45,1,0,1782339380.331274
745,MVI_39781,46,0,0,1782339380.3781717
746,MVI_39781,46,1,0,1782339380.4112265
747,MVI_39781,47,0,0,1782339380.4578698
748,MVI_39781,48,0,0,1782339380.498006
749,MVI_39781,49,0,0,1782339380.5384865
750,MVI_39781,50,0,0,1782339380.578942
