scenario,round,edge_id,samples_received,samples_trained,live_samples,fallback_samples,train_loss_avg,compute_time,queue_fill_seconds_avg,queue_fill_seconds_max,queue_fill_complete_sensors,sensor_count,replay_buffer_size
baseline_live,1,edge0,112,112,112,0,2.489262640476227,0.541135311126709,0.08784142249662961,0.17780706891790032,7,7,112
baseline_live,1,edge1,112,112,112,0,2.8275895714759827,0.6121492385864258,0.08349247902099576,0.23855669633485377,7,7,112
baseline_live,1,edge2,112,112,112,0,1.6689397692680359,0.48154282569885254,0.11398392543196678,0.17812373023480177,7,7,112
baseline_live,2,edge0,112,224,112,0,4.608842313289642,0.38188862800598145,0.06324236543982156,0.15346503094770014,7,7,224
baseline_live,2,edge1,112,224,112,0,4.247801244258881,0.4238555431365967,0.09296461104947541,0.2350778947584331,7,7,224
baseline_live,2,edge2,112,224,112,0,3.918980121612549,0.29585886001586914,0.09061685191201312,0.17856597481295466,7,7,224
baseline_live,3,edge0,112,256,112,0,3.8103107810020447,0.3753376007080078,0.059605064269687445,0.11839064978994429,7,7,336
baseline_live,3,edge1,112,256,112,0,2.043196365237236,0.3799169063568115,0.06206674887133496,0.13631450477987528,7,7,336
baseline_live,3,edge2,112,256,112,0,2.5304960906505585,0.35828423500061035,0.12805516276109433,0.2041922661010176,7,7,336
baseline_live,4,edge0,112,256,112,0,2.855690658092499,0.3350982666015625,0.06237030167332185,0.17809122917242348,7,7,448
baseline_live,4,edge1,112,256,112,0,1.2219104170799255,0.337078332901001,0.11072949905480657,0.18008328694850206,7,7,448
baseline_live,4,edge2,112,256,112,0,1.5042016059160233,0.2752690315246582,0.13326767916857665,0.1989333680830896,7,7,448
baseline_live,5,edge0,112,256,112,0,1.8334494233131409,0.35489654541015625,0.0612852673179337,0.11926807998679578,7,7,560
baseline_live,5,edge1,112,256,112,0,1.0473056137561798,0.30732274055480957,0.1612770683132112,0.3097706539556384,7,7,560
baseline_live,5,edge2,112,256,112,0,1.4953285157680511,0.4058542251586914,0.09927236022693771,0.1788576883263886,7,7,560
baseline_live,6,edge0,112,256,112,0,3.2101421877741814,0.3097817897796631,0.13038722442329995,0.20479783811606467,7,7,672
baseline_live,6,edge1,112,256,112,0,1.3418759107589722,0.30348730087280273,0.08605466074576336,0.24098421493545175,7,7,672
baseline_live,6,edge2,112,256,112,0,1.1298308223485947,0.3373103141784668,0.1082333459718419,0.17790856934152544,7,7,672
baseline_live,7,edge0,112,256,112,0,1.311129368841648,0.32442474365234375,0.11058889570579465,0.17760529019869864,7,7,784
baseline_live,7,edge1,112,256,112,0,1.3577605932950974,0.34159326553344727,0.11833170751508858,0.22568251239135861,7,7,784
baseline_live,7,edge2,112,256,112,0,0.818269707262516,0.374866247177124,0.11033202797573592,0.17428016243502498,7,7,784
baseline_live,8,edge0,112,256,112,0,2.1667961180210114,0.3359658718109131,0.12600597057358495,0.1781368216034025,7,7,896
baseline_live,8,edge1,112,256,112,0,1.222682073712349,0.2913494110107422,0.10499595691050802,0.25993858580477536,7,7,896
baseline_live,8,edge2,112,256,112,0,1.04803828895092,0.37458109855651855,0.13058856771593647,0.34288694290444255,7,7,896
baseline_live,9,edge0,112,256,112,0,1.8903118520975113,0.3010115623474121,0.09070980869832315,0.1608617608435452,7,7,1008
baseline_live,9,edge1,112,256,112,0,1.227021984755993,0.27846550941467285,0.08763530803844333,0.17753953719511628,7,7,1008
baseline_live,9,edge2,112,256,112,0,0.6824963465332985,0.2993311882019043,0.09323878922233624,0.23815400409512222,7,7,1008
baseline_live,10,edge0,112,256,112,0,0.6837484911084175,0.31670546531677246,0.10556402163846153,0.346165286609903,7,7,1120
baseline_live,10,edge1,112,256,112,0,1.7457368224859238,0.3506913185119629,0.08396310266107321,0.17664478393271565,7,7,1120
baseline_live,10,edge2,112,256,112,0,0.5518096461892128,0.2826211452484131,0.06640759369890605,0.10796201508492231,7,7,1120
baseline_live,11,edge0,112,256,112,0,1.4292043298482895,0.29992175102233887,0.1070067931432277,0.2368903944734484,7,7,1232
baseline_live,11,edge1,112,256,112,0,0.9968264922499657,0.3198227882385254,0.10043575032614172,0.2392810198944062,7,7,1232
baseline_live,11,edge2,112,256,112,0,1.0365049615502357,0.3153557777404785,0.09990621963515878,0.15785873658023775,7,7,1232
baseline_live,12,edge0,112,256,112,0,2.9886253774166107,0.28777360916137695,0.13722296724362032,0.2728113189805299,7,7,1344
baseline_live,12,edge1,112,256,112,0,1.3859997689723969,0.28388214111328125,0.07990144073430981,0.23530813329853117,7,7,1344
baseline_live,12,edge2,112,256,112,0,1.2536982670426369,0.27718353271484375,0.09734200892437782,0.2046888668555766,7,7,1344
baseline_live,13,edge0,112,256,112,0,1.1914955377578735,0.2686593532562256,0.09767297811673156,0.17942382907494903,7,7,1456
baseline_live,13,edge1,112,256,112,0,1.4689711406826973,0.290539026260376,0.06834969909063407,0.2379391707945615,7,7,1456
baseline_live,13,edge2,112,256,112,0,1.8683883994817734,0.3005218505859375,0.10291459364816546,0.19313910254277286,7,7,1456
baseline_live,14,edge0,112,256,112,0,0.7975247204303741,0.33405232429504395,0.10200021242988962,0.23833127273246646,7,7,1568
baseline_live,14,edge1,112,256,112,0,0.46969807147979736,0.3906290531158447,0.055722993931600025,0.11811138829216361,7,7,1568
baseline_live,14,edge2,112,256,112,0,1.553390309214592,0.377246618270874,0.14388851053081453,0.23891503922641277,7,7,1568
baseline_live,15,edge0,112,256,112,0,2.4027044475078583,0.3708209991455078,0.09997674154250749,0.18001755559816957,7,7,1680
baseline_live,15,edge1,112,256,112,0,1.3504683747887611,0.4157726764678955,0.10359315574169159,0.2391057552304119,7,7,1680
baseline_live,15,edge2,112,256,112,0,2.3294041603803635,0.39222049713134766,0.1499311980857913,0.29369913460686803,7,7,1680
baseline_live,16,edge0,112,256,112,0,2.59218929708004,0.40070557594299316,0.13864200866581605,0.35689417482353747,7,7,1792
baseline_live,16,edge1,112,256,112,0,0.9486853256821632,0.5240838527679443,0.041290104522236755,0.09680173778906465,7,7,1792
baseline_live,16,edge2,112,256,112,0,0.4736665263772011,0.3785381317138672,0.11702072763416384,0.23751386534422636,7,7,1792
baseline_live,17,edge0,112,256,112,0,2.244157150387764,0.3490011692047119,0.07719104836827942,0.17921418673358858,7,7,1904
baseline_live,17,edge1,112,256,112,0,0.5770492292940617,0.37900662422180176,0.08447595090339226,0.2968719827476889,7,7,1904
baseline_live,17,edge2,112,256,112,0,1.462831899523735,0.41536903381347656,0.15256511749300575,0.26954559865407646,7,7,1904
baseline_live,18,edge0,112,256,112,0,1.6945621594786644,0.35521674156188965,0.12106258285764072,0.1929293901193887,7,7,2016
baseline_live,18,edge1,112,256,112,0,1.2798244953155518,0.4075477123260498,0.16935914362381613,0.23627658328041434,7,7,2016
baseline_live,18,edge2,112,256,112,0,2.1551205664873123,0.3880448341369629,0.04786444568474378,0.1748960972763598,7,7,2016
baseline_live,19,edge0,112,256,112,0,2.1141752153635025,0.4127044677734375,0.04710830980911851,0.11758629069663584,7,7,2128
baseline_live,19,edge1,112,256,112,0,0.8314115703105927,0.593364953994751,0.06763135625182518,0.11887470190413295,7,7,2128
baseline_live,19,edge2,112,256,112,0,1.425568699836731,0.34498023986816406,0.1015734261433993,0.17876724153757095,7,7,2128
baseline_live,20,edge0,112,256,112,0,1.1969514191150665,0.3343021869659424,0.06599076777430517,0.11987113463692367,7,7,2240
baseline_live,20,edge1,112,256,112,0,1.697080820798874,0.2679154872894287,0.12211194444846894,0.17901102919131517,7,7,2240
baseline_live,20,edge2,112,256,112,0,2.197564661502838,0.27898454666137695,0.09746463465437825,0.17651308188214898,7,7,2240
baseline_live,21,edge0,112,256,112,0,1.2094952464103699,0.30246925354003906,0.054944776630561264,0.17925449251197278,7,7,2352
baseline_live,21,edge1,112,256,112,0,0.8127332627773285,0.30284595489501953,0.09536212503111788,0.1299447997007519,7,7,2352
baseline_live,21,edge2,112,256,112,0,1.417973816394806,0.3455829620361328,0.12229284311511687,0.240044099278748,7,7,2352
baseline_live,22,edge0,112,256,112,0,1.4675921201705933,0.35846757888793945,0.11901492911524006,0.23783472483046353,7,7,2464
baseline_live,22,edge1,112,256,112,0,1.413939580321312,0.2969236373901367,0.10126503695002091,0.2327326985541731,7,7,2464
baseline_live,22,edge2,112,256,112,0,0.7279860749840736,0.2745780944824219,0.09524667858412224,0.1976562556810677,7,7,2464
baseline_live,23,edge0,112,256,112,0,0.5896240323781967,0.2965376377105713,0.14478703418613545,0.17957249097526073,7,7,2576
baseline_live,23,edge1,112,256,112,0,1.0024234503507614,0.34865450859069824,0.10341322548421365,0.11980129731819034,7,7,2576
baseline_live,23,edge2,112,256,112,0,0.658381849527359,0.2953028678894043,0.06786356969470424,0.1196031083818525,7,7,2576
baseline_live,24,edge0,112,256,112,0,2.2991046011447906,0.3113422393798828,0.07036645873449743,0.1343747687060386,7,7,2688
baseline_live,24,edge1,112,256,112,0,1.63743095099926,0.31777024269104004,0.06963113455900125,0.1763972530607134,7,7,2688
baseline_live,24,edge2,112,256,112,0,0.882222443819046,0.3175792694091797,0.0954158335059349,0.2103339151944965,7,7,2688
baseline_live,25,edge0,112,256,112,0,0.6826503500342369,0.29424476623535156,0.06175722743916724,0.1385272890329361,7,7,2800
baseline_live,25,edge1,112,256,112,0,2.2785978093743324,0.32772016525268555,0.09701049434287208,0.1652855740394443,7,7,2800
baseline_live,25,edge2,112,256,112,0,0.40631629526615143,0.3555924892425537,0.07082842672908944,0.11653779447078705,7,7,2800
baseline_live,26,edge0,112,256,112,0,0.5991368740797043,0.31349873542785645,0.08198318148164876,0.20238391868770123,7,7,2912
baseline_live,26,edge1,112,256,112,0,1.9893527626991272,0.32270121574401855,0.08054019171478492,0.17361890245229006,7,7,2912
baseline_live,26,edge2,112,256,112,0,3.5698914155364037,0.3222320079803467,0.0710785823009376,0.1793180019594729,7,7,2912
baseline_live,27,edge0,112,256,112,0,2.4729197323322296,0.3688840866088867,0.13485485990531743,0.23838463122956455,7,7,3024
baseline_live,27,edge1,112,256,112,0,1.1129598692059517,0.42567896842956543,0.06824019867261606,0.1785082360729575,7,7,3024
baseline_live,27,edge2,112,256,112,0,1.02565798163414,0.4315836429595947,0.1379797221161425,0.2807456962764263,7,7,3024
baseline_live,28,edge0,112,256,112,0,3.294014096260071,0.33716917037963867,0.07531723396719567,0.11990448716096579,7,7,3136
baseline_live,28,edge1,112,256,112,0,0.4792089909315109,0.4748084545135498,0.09025064333608109,0.26018081814981997,7,7,3136
baseline_live,28,edge2,112,256,112,0,0.5193824358284473,0.45418381690979004,0.10926586522587708,0.23536935122683644,7,7,3136
baseline_live,29,edge0,112,256,112,0,2.3803884238004684,0.406144380569458,0.11603998943298523,0.18801150983199477,7,7,3248
baseline_live,29,edge1,112,256,112,0,1.867234617471695,0.44666481018066406,0.12013016714315329,0.23380051599815488,7,7,3248
baseline_live,29,edge2,112,256,112,0,2.036432608962059,0.6437797546386719,0.09303508106885212,0.18027953919954595,7,7,3248
baseline_live,30,edge0,112,256,112,0,0.8068610280752182,0.3238637447357178,0.09918462468444236,0.1789312839973718,7,7,3360
baseline_live,30,edge1,112,256,112,0,1.0133022964000702,0.3379039764404297,0.07383299648894795,0.11896819854155183,7,7,3360
baseline_live,30,edge2,112,256,112,0,2.8821312487125397,0.39918971061706543,0.06694072508253157,0.1180638934019953,7,7,3360
baseline_live,31,edge0,112,256,112,0,1.3488068357110023,0.40738821029663086,0.10429270058271609,0.23037701984867454,7,7,3472
baseline_live,31,edge1,112,256,112,0,2.319552794098854,0.3700227737426758,0.09231788784797702,0.15823855809867382,7,7,3472
baseline_live,31,edge2,112,256,112,0,1.5844393223524094,0.44156956672668457,0.1174440280467804,0.2383346043061465,7,7,3472
baseline_live,32,edge0,112,256,112,0,1.1540247648954391,0.4243204593658447,0.06654997023620776,0.13927946612238884,7,7,3584
baseline_live,32,edge1,112,256,112,0,1.3453879207372665,0.37129712104797363,0.10339019697026483,0.17182776844128966,7,7,3584
baseline_live,32,edge2,112,256,112,0,1.2267127931118011,0.34315037727355957,0.16101902846380003,0.21961992676369846,7,7,3584
baseline_live,33,edge0,112,256,112,0,0.6623676046729088,0.3264896869659424,0.12319583465744342,0.19831478665582836,7,7,3696
baseline_live,33,edge1,112,256,112,0,0.8133635595440865,0.3545501232147217,0.10535923950374126,0.19598756590858102,7,7,3696
baseline_live,33,edge2,112,256,112,0,0.7857894003391266,0.346635103225708,0.10333821726297694,0.2945210391189903,7,7,3696
baseline_live,34,edge0,112,256,112,0,2.2935217320919037,0.3410491943359375,0.07999156861166869,0.17543094418942928,7,7,3808
baseline_live,34,edge1,112,256,112,0,1.8862372562289238,0.3357982635498047,0.07743618520908058,0.17893483606167138,7,7,3808
baseline_live,34,edge2,112,256,112,0,2.0456902980804443,0.42230820655822754,0.09657823836563953,0.17784595931880176,7,7,3808
baseline_live,35,edge0,112,256,112,0,0.5394420921802521,0.38433384895324707,0.12428786322873618,0.19705363223329186,7,7,3920
baseline_live,35,edge1,112,256,112,0,1.0398341417312622,0.39999890327453613,0.1071514009132183,0.17603142792358994,7,7,3920
baseline_live,35,edge2,112,256,112,0,1.4488138407468796,0.4148859977722168,0.1390945542537208,0.20043342979624867,7,7,3920
baseline_live,36,edge0,112,256,112,0,1.3526655435562134,0.36942458152770996,0.11611133348196745,0.2395550706423819,7,7,4032
baseline_live,36,edge1,112,256,112,0,1.056511253118515,0.3797903060913086,0.10417365711847586,0.17937594139948487,7,7,4032
baseline_live,36,edge2,112,256,112,0,0.5484029725193977,0.45899534225463867,0.16408667851439013,0.29545828839764,7,7,4032
baseline_live,37,edge0,112,256,112,0,0.8014444410800934,0.3611891269683838,0.07999679605875697,0.17795557132922113,7,7,4144
baseline_live,37,edge1,112,256,112,0,3.0167106240987778,0.46048998832702637,0.08720766726349082,0.1591535876505077,7,7,4144
baseline_live,37,edge2,112,256,112,0,2.0737395957112312,0.3631300926208496,0.08022114428292428,0.11944068688899279,7,7,4144
baseline_live,38,edge0,112,256,112,0,0.5676271319389343,0.38726210594177246,0.056205398469631164,0.1786093465052545,7,7,4256
baseline_live,38,edge1,112,256,112,0,2.593127354979515,0.42229247093200684,0.08424212134975408,0.23702860320918262,7,7,4256
baseline_live,38,edge2,112,256,112,0,4.9043019860982895,0.49219274520874023,0.0748312200885266,0.17822205857373774,7,7,4256
baseline_live,39,edge0,112,256,112,0,0.7499823272228241,0.5628845691680908,0.12511798318675055,0.23877007537521422,7,7,4368
baseline_live,39,edge1,112,256,112,0,1.2754931524395943,0.42261385917663574,0.07984509358980826,0.202286061597988,7,7,4368
baseline_live,39,edge2,112,256,112,0,3.2478324621915817,0.4301285743713379,0.07117843255400658,0.130042705219239,7,7,4368
baseline_live,40,edge0,112,256,112,0,1.5629923939704895,0.409177303314209,0.14362452192498104,0.27873850823380053,7,7,4480
baseline_live,40,edge1,112,256,112,0,2.1468155905604362,0.43396759033203125,0.12170449408170368,0.18014223547652364,7,7,4480
baseline_live,40,edge2,112,256,112,0,1.4148989543318748,0.4541635513305664,0.06513933538060103,0.11906904820352793,7,7,4480
baseline_live,41,edge0,112,256,112,0,0.6146592646837234,0.48996472358703613,0.09239157670110996,0.20065359794534743,7,7,4592
baseline_live,41,edge1,112,256,112,0,1.7591783106327057,0.5028519630432129,0.108820736175403,0.23382622771896422,7,7,4592
baseline_live,41,edge2,112,256,112,0,2.464538425207138,0.45212435722351074,0.15070870984345675,0.22564355423673987,7,7,4592
baseline_live,42,edge0,112,256,112,0,0.8735478147864342,0.45520830154418945,0.09131106232026857,0.16758218966424465,7,7,4704
baseline_live,42,edge1,112,256,112,0,1.8456885814666748,0.5916283130645752,0.07031106952178691,0.17791244620457292,7,7,4704
baseline_live,42,edge2,112,256,112,0,1.265108522027731,0.5074024200439453,0.09128775923246783,0.17806801851838827,7,7,4704
baseline_live,43,edge0,112,256,112,0,0.8583398684859276,0.4303257465362549,0.09341369309861745,0.1784511753357947,7,7,4816
baseline_live,43,edge1,112,256,112,0,0.6415716111660004,0.5269734859466553,0.07324407465888985,0.17948820092715323,7,7,4816
baseline_live,43,edge2,112,256,112,0,1.0799522176384926,0.49364757537841797,0.07874962754015412,0.23631915031000972,7,7,4816
baseline_live,44,edge0,112,256,112,0,4.163146287202835,0.439054012298584,0.07577779493294656,0.2356104718055576,7,7,4928
baseline_live,44,edge1,112,256,112,0,2.211692363023758,0.5852582454681396,0.0959259101322719,0.21781021286733449,7,7,4928
baseline_live,44,edge2,112,256,112,0,1.9782574847340584,0.43320798873901367,0.08295210537367634,0.1772140865214169,7,7,4928
baseline_live,45,edge0,112,256,112,0,1.0184529200196266,0.4339292049407959,0.06388948116052363,0.17617400153540075,7,7,5040
baseline_live,45,edge1,112,256,112,0,1.574523001909256,0.4610748291015625,0.05410281844836261,0.13937743729911745,7,7,5040
baseline_live,45,edge2,112,256,112,0,1.005468674004078,0.46958017349243164,0.10134162873561893,0.23409019084647298,7,7,5040
baseline_live,46,edge0,112,256,112,0,2.941005624830723,0.42398715019226074,0.0850368993290301,0.17698838585056365,7,7,5152
baseline_live,46,edge1,112,256,112,0,0.8351991325616837,0.5395386219024658,0.06780359854123422,0.11901245079934597,7,7,5152
baseline_live,46,edge2,112,256,112,0,1.2973022758960724,0.4190363883972168,0.1416630388037967,0.22579479520209134,7,7,5152
baseline_live,47,edge0,112,256,112,0,0.8428015261888504,0.49798130989074707,0.08328372103694294,0.17721424344927073,7,7,5264
baseline_live,47,edge1,112,256,112,0,1.4308071434497833,0.4514896869659424,0.10105501248368196,0.17859160853549838,7,7,5264
baseline_live,47,edge2,112,256,112,0,0.7359504848718643,0.4388253688812256,0.1047866100977574,0.18369043269194663,7,7,5264
baseline_live,48,edge0,112,256,112,0,3.5998093858361244,0.4143531322479248,0.0721032775306542,0.1449699045624584,7,7,5376
baseline_live,48,edge1,112,256,112,0,1.1755865961313248,0.41812944412231445,0.13204980764671095,0.23903037002310157,7,7,5376
baseline_live,48,edge2,112,256,112,0,3.0547835752367973,0.483701229095459,0.04207007463888398,0.11109110433608294,7,7,5376
baseline_live,49,edge0,112,256,112,0,1.6687885597348213,0.5850517749786377,0.0668580022174865,0.119593249168247,7,7,5488
baseline_live,49,edge1,112,256,112,0,1.6044581532478333,0.4690070152282715,0.10390973001319383,0.1795604843646288,7,7,5488
baseline_live,49,edge2,112,256,112,0,0.49157053232192993,0.44219303131103516,0.09466095265400197,0.2336132056079805,7,7,5488
baseline_live,50,edge0,112,256,112,0,1.964987725019455,0.46381616592407227,0.09562015390422728,0.178516814019531,7,7,5600
baseline_live,50,edge1,112,256,112,0,1.7140862941741943,0.45276737213134766,0.07017821944983942,0.15870701102539897,7,7,5600
baseline_live,50,edge2,112,256,112,0,0.5424983277916908,0.44750404357910156,0.09762819926254451,0.1785404267720878,7,7,5600
baseline_live,51,edge0,112,256,112,0,0.7978330180048943,0.5130650997161865,0.050678174111193845,0.08484568796120584,7,7,5712
baseline_live,51,edge1,112,256,112,0,1.771064668893814,0.5381619930267334,0.16480526855281954,0.2965459742117673,7,7,5712
baseline_live,51,edge2,112,256,112,0,2.641523063182831,0.443406343460083,0.0698610497305968,0.17811643658205867,7,7,5712
baseline_live,52,edge0,112,256,112,0,0.9746378660202026,0.4334120750427246,0.09039359519790326,0.17723377444781363,7,7,5824
baseline_live,52,edge1,112,256,112,0,1.0750495567917824,0.4057767391204834,0.07534048895883773,0.12375795608386397,7,7,5824
baseline_live,52,edge2,112,256,112,0,4.2805764973163605,0.46851515769958496,0.05428012746519275,0.14035143144428727,7,7,5824
baseline_live,53,edge0,112,256,112,0,1.1559726744890213,0.43672990798950195,0.10617058108826834,0.2343609284143895,7,7,5936
baseline_live,53,edge1,112,256,112,0,1.9916652739048004,0.4208672046661377,0.13500139616163714,0.23647416243329644,7,7,5936
baseline_live,53,edge2,112,256,112,0,0.8085260465741158,0.4920034408569336,0.10095425435741033,0.18825544812716544,7,7,5936
baseline_live,54,edge0,112,256,112,0,0.6211510300636292,0.3855710029602051,0.09400073082984559,0.2073722390923649,7,7,6048
baseline_live,54,edge1,112,256,112,0,2.6904864385724068,0.3679523468017578,0.1405003520194441,0.1774884851183742,7,7,6048
baseline_live,54,edge2,112,256,112,0,1.5236741602420807,0.36543869972229004,0.08451226193990026,0.1781622285488993,7,7,6048
baseline_live,55,edge0,112,256,112,0,3.708499476313591,0.355121374130249,0.08894390842345144,0.2761711000930518,7,7,6160
baseline_live,55,edge1,112,256,112,0,1.2928846180438995,0.35821056365966797,0.10758535859973303,0.23869416397064924,7,7,6160
baseline_live,55,edge2,112,256,112,0,2.093372121453285,0.3548464775085449,0.06315350070196603,0.11802159948274492,7,7,6160
baseline_live,56,edge0,112,256,112,0,2.367350548505783,0.40003490447998047,0.08928306181249875,0.1759420798625797,7,7,6272
baseline_live,56,edge1,112,256,112,0,0.9039472416043282,0.37612438201904297,0.09475632683773126,0.17884991876780987,7,7,6272
baseline_live,56,edge2,112,256,112,0,1.8244981411844492,0.3605692386627197,0.12083201366476715,0.29585294309072196,7,7,6272
baseline_live,57,edge0,112,256,112,0,3.0663467049598694,0.3360610008239746,0.12492881322811757,0.23570534586906433,7,7,6384
baseline_live,57,edge1,112,256,112,0,0.5793228819966316,0.35784173011779785,0.09947277272918395,0.23394083278253672,7,7,6384
baseline_live,57,edge2,112,256,112,0,4.349055700004101,0.4974532127380371,0.11672976425117147,0.29873113124631345,7,7,6384
baseline_live,58,edge0,112,256,112,0,2.4328702092170715,0.4595043659210205,0.1024533656226205,0.1548109194263816,7,7,6496
baseline_live,58,edge1,112,256,112,0,1.390193611383438,0.4513707160949707,0.1099682199835245,0.18027550843544304,7,7,6496
baseline_live,58,edge2,112,256,112,0,1.7245454415678978,0.3915987014770508,0.07790132108077939,0.1188459035474807,7,7,6496
baseline_live,59,edge0,112,256,112,0,0.5616646483540535,0.44647836685180664,0.12713371543213725,0.23821768257766962,7,7,6608
baseline_live,59,edge1,112,256,112,0,1.9234199449419975,0.358978271484375,0.06695897122179824,0.11794851324521005,7,7,6608
baseline_live,59,edge2,112,256,112,0,0.9408799782395363,0.3808600902557373,0.0748499646849398,0.23971794242970645,7,7,6608
baseline_live,60,edge0,112,256,112,0,2.1525034606456757,0.3797762393951416,0.06997081564207162,0.20664030453190207,7,7,6720
baseline_live,60,edge1,112,256,112,0,0.46140333265066147,0.37462663650512695,0.07190727001787829,0.2371396424714476,7,7,6720
baseline_live,60,edge2,112,256,112,0,2.0761300027370453,0.4327864646911621,0.09383183860752199,0.12075471715070306,7,7,6720
baseline_live,61,edge0,112,256,112,0,0.9393004700541496,0.3849301338195801,0.07301037357787468,0.17784958030097187,7,7,6832
baseline_live,61,edge1,112,256,112,0,0.7740100771188736,0.39879631996154785,0.10296381414601845,0.24071190040558577,7,7,6832
baseline_live,61,edge2,112,256,112,0,0.5075028836727142,0.45343923568725586,0.08463864394330553,0.23572421143762767,7,7,6832
baseline_live,62,edge0,112,256,112,0,3.0353761836886406,0.4020955562591553,0.09349329282330084,0.17992479889653623,7,7,6944
baseline_live,62,edge1,112,256,112,0,1.5323464795947075,0.411954402923584,0.15602089378184505,0.35168563947081566,7,7,6944
baseline_live,62,edge2,112,256,112,0,1.5066777169704437,0.4061858654022217,0.0760538681476776,0.17797812051139772,7,7,6944
baseline_live,63,edge0,112,256,112,0,1.3478038609027863,0.4156198501586914,0.10383790041253503,0.1783564139623195,7,7,7056
baseline_live,63,edge1,112,256,112,0,1.2480519860982895,0.38918042182922363,0.07078886397981218,0.11642119893804193,7,7,7056
baseline_live,63,edge2,112,256,112,0,1.6999179422855377,0.3507242202758789,0.06055302977828043,0.11948596802540123,7,7,7056
baseline_live,64,edge0,112,256,112,0,1.3446875661611557,0.38477277755737305,0.10634881733650607,0.2008123251143843,7,7,7168
baseline_live,64,edge1,112,256,112,0,4.119236513972282,0.45510315895080566,0.11221636565668243,0.23705722158774734,7,7,7168
baseline_live,64,edge2,112,256,112,0,0.7259697765111923,0.3910045623779297,0.11627119769608336,0.2380273281596601,7,7,7168
baseline_live,65,edge0,112,256,112,0,0.8436419665813446,0.40958499908447266,0.11142654191436512,0.21494237333536148,7,7,7280
baseline_live,65,edge1,112,256,112,0,2.247289091348648,0.3869922161102295,0.11814085277728736,0.2668408921454102,7,7,7280
baseline_live,65,edge2,112,256,112,0,3.992562711238861,0.45693302154541016,0.1184225860717041,0.23517649550922212,7,7,7280
baseline_live,66,edge0,112,256,112,0,4.441756214946508,0.39430689811706543,0.10331001159335886,0.1792128833476454,7,7,7392
baseline_live,66,edge1,112,256,112,0,2.0266062021255493,0.40849900245666504,0.11033577498580728,0.17759226844646037,7,7,7392
baseline_live,66,edge2,112,256,112,0,1.3578714430332184,0.3892965316772461,0.07683658506721258,0.12003901600837708,7,7,7392
baseline_live,67,edge0,112,256,112,0,1.2129504829645157,0.36480236053466797,0.10205395350099675,0.180275019723922,7,7,7504
baseline_live,67,edge1,112,256,112,0,1.1804326176643372,0.34671521186828613,0.11956412797527653,0.2610062186140567,7,7,7504
baseline_live,67,edge2,112,256,112,0,1.2462910190224648,0.370896577835083,0.08007363635780555,0.17768099112436175,7,7,7504
baseline_live,68,edge0,112,256,112,0,0.9512181207537651,0.3894164562225342,0.05081921652890742,0.11809001257643102,7,7,7616
baseline_live,68,edge1,112,256,112,0,1.1640209555625916,0.38509440422058105,0.11860320437699556,0.17943532951176167,7,7,7616
baseline_live,68,edge2,112,256,112,0,0.7309102490544319,0.40013885498046875,0.09312478007216539,0.17914475756697357,7,7,7616
baseline_live,69,edge0,112,256,112,0,1.8624247908592224,0.4087696075439453,0.10442155413329601,0.19545324775390327,7,7,7728
baseline_live,69,edge1,112,256,112,0,1.3513371348381042,0.4209275245666504,0.09000557970388659,0.18610235047526658,7,7,7728
baseline_live,69,edge2,112,256,112,0,2.5291697084903717,0.3988184928894043,0.08800573397560843,0.11969419452361763,7,7,7728
baseline_live,70,edge0,112,256,112,0,1.4399172812700272,0.39859795570373535,0.09193667975653495,0.17873658356256783,7,7,7840
baseline_live,70,edge1,112,256,112,0,1.476421870291233,0.39458155632019043,0.0481939924481724,0.11835129978135228,7,7,7840
baseline_live,70,edge2,112,256,112,0,1.6017303504049778,0.40987420082092285,0.12919600890018046,0.29719080426730216,7,7,7840
baseline_live,71,edge0,112,256,112,0,1.3036319017410278,0.3883192539215088,0.07439275714568794,0.17820195737294853,7,7,7952
baseline_live,71,edge1,112,256,112,0,2.1068568527698517,0.4023590087890625,0.1038618192708652,0.17853986588306725,7,7,7952
baseline_live,71,edge2,112,256,112,0,1.0006516948342323,0.43921804428100586,0.09830511334751334,0.13952135038562116,7,7,7952
baseline_live,72,edge0,112,256,112,0,0.9795866459608078,0.38729071617126465,0.0810162584363882,0.18288432573899627,7,7,8064
baseline_live,72,edge1,112,256,112,0,3.0454243570566177,0.5087172985076904,0.12039598267126296,0.23905369453132153,7,7,8064
baseline_live,72,edge2,112,256,112,0,1.7870399057865143,0.4396531581878662,0.05853736837993243,0.13539662235416472,7,7,8064
baseline_live,73,edge0,112,256,112,0,3.0352454409003258,0.4341087341308594,0.06652241848808314,0.1795542447362095,7,7,8176
baseline_live,73,edge1,112,256,112,0,1.8283915296196938,0.44824647903442383,0.09293016578469958,0.23667656676843762,7,7,8176
baseline_live,73,edge2,112,256,112,0,2.1100409626960754,0.4350252151489258,0.11778008714983505,0.18022285331971943,7,7,8176
baseline_live,74,edge0,112,256,112,0,1.741747610270977,0.4199206829071045,0.11677735202413585,0.2338122392538935,7,7,8288
baseline_live,74,edge1,112,256,112,0,3.283146344125271,0.43083930015563965,0.11231817857229284,0.17943180864676833,7,7,8288
baseline_live,74,edge2,112,256,112,0,1.3681884109973907,0.4303262233734131,0.07300438179767557,0.23689970141276717,7,7,8288
baseline_live,75,edge0,112,256,112,0,1.5274583622813225,0.5221264362335205,0.09583999878460807,0.17416000040248036,7,7,8400
baseline_live,75,edge1,112,256,112,0,2.306435778737068,0.4314100742340088,0.1401936948365931,0.4752144608646631,7,7,8400
baseline_live,75,edge2,112,256,112,0,0.5171677563339472,0.3973422050476074,0.13227192016451486,0.23679386894218624,7,7,8400
baseline_live,76,edge0,112,256,112,0,0.8758263736963272,0.3871321678161621,0.10760076962677496,0.15976119274273515,7,7,8512
baseline_live,76,edge1,112,256,112,0,1.0165538042783737,0.4292104244232178,0.08383248457019883,0.2510279701091349,7,7,8512
baseline_live,76,edge2,112,256,112,0,0.7176051437854767,0.35285019874572754,0.11606969707645476,0.1783266901038587,7,7,8512
baseline_live,77,edge0,112,256,112,0,1.7960955798625946,0.34128665924072266,0.10552364358279322,0.1863353152293712,7,7,8624
baseline_live,77,edge1,112,256,112,0,2.376246802508831,0.3453547954559326,0.09706933932778027,0.29552395991049707,7,7,8624
baseline_live,77,edge2,112,256,112,0,1.340961992740631,0.36144495010375977,0.1403463557029941,0.29851810564287007,7,7,8624
baseline_live,78,edge0,112,256,112,0,1.9770173281431198,0.46062803268432617,0.08826431006725345,0.11976393777877092,7,7,8736
baseline_live,78,edge1,112,256,112,0,0.6257465183734894,0.49245619773864746,0.04884286856810961,0.16559321829117835,7,7,8736
baseline_live,78,edge2,112,256,112,0,0.6900732815265656,0.36379265785217285,0.05936611638337906,0.13130520447157323,7,7,8736
baseline_live,79,edge0,112,256,112,0,1.2858647555112839,0.3545520305633545,0.08342632338670748,0.22284148586913943,7,7,8848
baseline_live,79,edge1,112,256,112,0,1.2675724923610687,0.34886813163757324,0.07764838206847864,0.12904312019236386,7,7,8848
baseline_live,79,edge2,112,256,112,0,9.044955417513847,0.4646754264831543,0.09724873613699206,0.17968774610199034,7,7,8848
baseline_live,80,edge0,112,256,112,0,3.204963080585003,0.38033413887023926,0.13539418544886367,0.22843387979082763,7,7,8960
baseline_live,80,edge1,112,256,112,0,0.9024743065237999,0.39577484130859375,0.0994962270571185,0.2766849014442414,7,7,8960
baseline_live,80,edge2,112,256,112,0,1.3657776713371277,0.39829540252685547,0.07413413432160658,0.16851291037164629,7,7,8960
baseline_live,81,edge0,112,256,112,0,0.4738931730389595,0.432159423828125,0.11336445036743369,0.23820146778598428,7,7,9072
baseline_live,81,edge1,112,256,112,0,1.3583110570907593,0.35939741134643555,0.09441591185584132,0.2344371562357992,7,7,9072
baseline_live,81,edge2,112,256,112,0,2.245976336300373,0.40446996688842773,0.054981677526874204,0.12974236602894962,7,7,9072
baseline_live,82,edge0,112,256,112,0,0.8676988333463669,0.35658764839172363,0.08821405995903271,0.23799336259253323,7,7,9184
baseline_live,82,edge1,112,256,112,0,0.9598158448934555,0.3666856288909912,0.09457447888728764,0.17697966611012816,7,7,9184
baseline_live,82,edge2,112,256,112,0,1.0619866773486137,0.3353285789489746,0.12049417994317732,0.28850594675168395,7,7,9184
baseline_live,83,edge0,112,256,112,0,3.435798168182373,0.3615577220916748,0.12336208032710212,0.23921425524167717,7,7,9296
baseline_live,83,edge1,112,256,112,0,1.4190396964550018,0.34801459312438965,0.12134418011243854,0.2460530772805214,7,7,9296
baseline_live,83,edge2,112,256,112,0,2.554672997444868,0.43405652046203613,0.08906442213005253,0.17702366644516587,7,7,9296
baseline_live,84,edge0,112,256,112,0,1.4638211503624916,0.3904547691345215,0.0850503480594073,0.11941850953735411,7,7,9408
baseline_live,84,edge1,112,256,112,0,2.2658793926239014,0.5662662982940674,0.06016252344540719,0.19957903260365129,7,7,9408
baseline_live,84,edge2,112,256,112,0,1.3115779533982277,0.38960957527160645,0.08581965516454407,0.20488282851874828,7,7,9408
baseline_live,85,edge0,112,256,112,0,1.5858798176050186,0.34206461906433105,0.12613183866986738,0.178672696929425,7,7,9520
baseline_live,85,edge1,112,256,112,0,2.269038215279579,0.3736393451690674,0.05129518532859428,0.17839556699618697,7,7,9520
baseline_live,85,edge2,112,256,112,0,1.5934126377105713,0.35683155059814453,0.10980529893588807,0.23696046182885766,7,7,9520
baseline_live,86,edge0,112,256,112,0,1.3512350022792816,0.337080717086792,0.12764413628195012,0.23630531528033316,7,7,9632
baseline_live,86,edge1,112,256,112,0,1.5151454135775566,0.3329918384552002,0.10228951069127236,0.2989970671478659,7,7,9632
baseline_live,86,edge2,112,256,112,0,1.6278120130300522,0.3774261474609375,0.09061989680464778,0.17837297217920423,7,7,9632
baseline_live,87,edge0,112,256,112,0,2.952992558479309,0.3658607006072998,0.10247642729830529,0.1796237218659371,7,7,9744
baseline_live,87,edge1,112,256,112,0,0.9771442636847496,0.3468892574310303,0.09398994544920113,0.18926829285919664,7,7,9744
baseline_live,87,edge2,112,256,112,0,2.1034760922193527,0.5124156475067139,0.12389337532554887,0.17699007992632687,7,7,9744
baseline_live,88,edge0,112,256,112,0,1.6254742294549942,0.460782527923584,0.07080614054575562,0.1789005866739899,7,7,9856
baseline_live,88,edge1,112,256,112,0,0.5372000932693481,0.4210951328277588,0.11879255579385374,0.19781137420795855,7,7,9856
baseline_live,88,edge2,112,256,112,0,1.2411774843931198,0.416048526763916,0.12675715972935514,0.17778384708799422,7,7,9856
baseline_live,89,edge0,112,256,112,0,0.5756618306040764,0.42496275901794434,0.14260535344614514,0.24525895901024342,7,7,9968
baseline_live,89,edge1,112,256,112,0,1.4127672761678696,0.4031870365142822,0.119193562356356,0.21959913708269596,7,7,9968
baseline_live,89,edge2,112,256,112,0,0.7292941696941853,0.4339005947113037,0.07930303363329065,0.17842955351807177,7,7,9968
baseline_live,90,edge0,112,256,112,0,1.7301557138562202,0.4125690460205078,0.08063785801641643,0.17803986952640116,7,7,10000
baseline_live,90,edge1,112,256,112,0,3.945467136800289,0.4664120674133301,0.09145069907286338,0.23816895415075123,7,7,10000
baseline_live,90,edge2,112,256,112,0,0.8509187698364258,0.4346942901611328,0.05990900345412748,0.11994794779457152,7,7,10000
baseline_live,91,edge0,112,256,112,0,4.185830801725388,0.4146616458892822,0.060004892509563694,0.1802524465601891,7,7,10000
baseline_live,91,edge1,112,256,112,0,0.46137625724077225,0.4201340675354004,0.09715081861109606,0.17794489092193544,7,7,10000
baseline_live,91,edge2,112,256,112,0,1.0952652096748352,0.42600536346435547,0.12935019979652548,0.297295204596594,7,7,10000
baseline_live,92,edge0,112,256,112,0,2.1577593982219696,0.4036219120025635,0.07970909526505109,0.16245513246394694,7,7,10000
baseline_live,92,edge1,112,256,112,0,1.4158439338207245,0.44379544258117676,0.09329109542470958,0.2386073067318648,7,7,10000
baseline_live,92,edge2,112,256,112,0,1.4453521519899368,0.451629638671875,0.10124827113135584,0.2374292614404112,7,7,10000
baseline_live,93,edge0,112,256,112,0,1.8797563910484314,0.4171433448791504,0.11102028297526496,0.17821991862729192,7,7,10000
baseline_live,93,edge1,112,256,112,0,3.310558572411537,0.5796656608581543,0.11129125666671566,0.27436329354532063,7,7,10000
baseline_live,93,edge2,112,256,112,0,0.5888024345040321,0.5011184215545654,0.08189084530541939,0.1203645817004144,7,7,10000
baseline_live,94,edge0,112,256,112,0,0.4945593550801277,0.40789198875427246,0.08068610574784023,0.1745386403053999,7,7,10000
baseline_live,94,edge1,112,256,112,0,2.1033787205815315,0.4637930393218994,0.11181645459562008,0.29836620728019625,7,7,10000
baseline_live,94,edge2,112,256,112,0,2.3228460401296616,0.40833306312561035,0.07280069281945803,0.1766933014150709,7,7,10000
baseline_live,95,edge0,112,256,112,0,6.0715900510549545,0.41143155097961426,0.09335469331459276,0.15750999376177788,7,7,10000
baseline_live,95,edge1,112,256,112,0,3.0162867978215218,0.4186110496520996,0.09185813656742019,0.2615158180706203,7,7,10000
baseline_live,95,edge2,112,256,112,0,0.8140247091650963,0.4334585666656494,0.08312389836646616,0.17823295714333653,7,7,10000
baseline_live,96,edge0,112,256,112,0,2.268050327897072,0.41047024726867676,0.08946005763885166,0.17397934501059353,7,7,10000
baseline_live,96,edge1,112,256,112,0,1.9311654418706894,0.717522144317627,0.11714502756616899,0.2299847083631903,7,7,10000
baseline_live,96,edge2,112,256,112,0,0.7906285375356674,0.5893313884735107,0.10257640640650477,0.16886575613170862,7,7,10000
baseline_live,97,edge0,112,256,112,0,2.48179117590189,0.4250822067260742,0.10478948332768466,0.23640140588395298,7,7,10000
baseline_live,97,edge1,112,256,112,0,2.0767735838890076,0.5003952980041504,0.10131303264227297,0.17316280747763813,7,7,10000
baseline_live,97,edge2,112,256,112,0,1.0252991914749146,0.4230515956878662,0.08713993361951518,0.17635695775970817,7,7,10000
baseline_live,98,edge0,112,256,112,0,2.230848968029022,0.42475080490112305,0.09106012255818184,0.17917705385480076,7,7,10000
baseline_live,98,edge1,112,256,112,0,1.0294189602136612,0.41295647621154785,0.08095227165280708,0.17599689192138612,7,7,10000
baseline_live,98,edge2,112,256,112,0,3.2310794554650784,0.5526406764984131,0.09707470193305719,0.23951083840802312,7,7,10000
baseline_live,99,edge0,112,256,112,0,7.839677155017853,0.4323763847351074,0.09954892690958721,0.18061954132281244,7,7,10000
baseline_live,99,edge1,112,256,112,0,2.277321070432663,0.41825342178344727,0.04233849870174059,0.11906627123244107,7,7,10000
baseline_live,99,edge2,112,256,112,0,6.292370058596134,0.43632030487060547,0.07598546488277082,0.11783587955869734,7,7,10000
baseline_live,100,edge0,112,256,112,0,1.1023960709571838,0.41643190383911133,0.10533450623708111,0.17828907049261034,7,7,10000
baseline_live,100,edge1,112,256,112,0,2.9395430460572243,0.6237618923187256,0.09131348844883698,0.17899731802754104,7,7,10000
baseline_live,100,edge2,112,256,112,0,0.8879489079117775,0.41757798194885254,0.1052887082831668,0.17962466785684228,7,7,10000
