scenario,round,outage_active,frame_accuracy,balanced_accuracy,samples_received,samples_trained,live_samples,fallback_samples,round_wall_time,images_received_per_second,samples_trained_per_second,queue_fill_seconds_max,queue_fill_complete_edges,effective_training_duration,cpu_avg,cpu_peak,cpu_var,cpu_avg_host_percent,cpu_peak_host_percent,memory_avg_mb,memory_peak_mb,acc_car,acc_van,acc_bus,acc_others
outage_replay_fixed,1,False,0.8664523043944266,0.25,336,336,336,0,22.113940954208374,15.194035323498403,15.194035323498403,0.23855669633485377,3,22.114012956619263,248.76216216216213,825.7,87047.54181154128,31.095270270270266,103.2125,2489.6376689189187,2489.95703125,1.0,0.0,0.0,0.0
outage_replay_fixed,2,False,0.8664523043944266,0.25,336,672,336,0,22.404640197753906,14.996893368262366,29.993786736524733,0.2350778947584331,3,44.518763065338135,355.5574468085106,794.9,114077.29435943867,44.44468085106382,99.3625,2488.972573138298,2488.97265625,1.0,0.0,0.0,0.0
outage_replay_fixed,3,False,0.8396570203644159,0.3648953148800341,336,768,336,0,22.15798258781433,15.163835365805436,34.66019512184099,0.2041922661010176,3,66.67690205574036,371.336,801.7,114099.90070399997,46.417,100.2125,2488.972578125,2488.97265625,0.9497773379515092,0.0,0.5098039215686274,0.0
outage_replay_fixed,4,False,0.10203644158628082,0.249836062008254,336,768,336,0,22.303033590316772,15.065215170813351,34.43477753328766,0.1989333680830896,3,88.98006510734558,377.5702127659574,795.5,119306.53698506113,47.19627659574468,99.4375,2488.972573138298,2488.97265625,0.005937654626422563,0.9934065934065934,0.0,0.0
outage_replay_fixed,5,False,0.8664523043944266,0.25,336,768,336,0,21.796645879745483,15.415215802181185,35.23477897641414,0.3097706539556384,3,110.77685475349426,379.8900000000001,794.7,112113.84529999999,47.48625000000001,99.3375,2488.972578125,2488.97265625,1.0,0.0,0.0,0.0
outage_replay_fixed,6,False,0.09967845659163987,0.25061850569025235,336,768,336,0,22.29381227493286,15.071446545631769,34.449020675729756,0.24098421493545175,3,133.07083129882812,403.00392156862756,968.9,115794.56978854287,50.375490196078445,121.1125,2488.9725796568628,2488.97265625,0.002474022761009401,1.0,0.0,0.0
outage_replay_fixed,7,False,0.8715969989281886,0.2744016127365954,336,768,336,0,22.216590642929077,15.123832697837436,34.568760452199854,0.22568251239135861,3,155.2875828742981,374.0204081632653,794.9,117692.80080799665,46.75255102040816,99.3625,2488.972576530612,2488.97265625,0.9943097476496784,0.10329670329670329,0.0,0.0
outage_replay_fixed,8,False,0.21178992497320473,0.281015953368749,336,768,336,0,22.175439834594727,15.151897888213439,34.632909458773575,0.34288694290444255,3,177.46318340301514,374.7714285714285,794.4,117280.2555102041,46.84642857142856,99.3,2488.972576530612,2488.97265625,0.13285502226620485,0.9912087912087912,0.0,0.0
outage_replay_fixed,9,False,0.877384780278671,0.32921997596663605,336,768,336,0,22.706496715545654,14.797527078228795,33.82291903595153,0.23815400409512222,3,200.16982793807983,419.6377049180328,808.3,111587.80923407685,52.4547131147541,101.0375,2488.9725922131147,2488.97265625,0.9740227610094013,0.34285714285714286,0.0,0.0
outage_replay_fixed,10,False,0.7365487674169346,0.40192602041133635,336,768,336,0,22.064774751663208,15.227891686257657,34.806609568588925,0.346165286609903,3,222.2347810268402,383.83137254901965,812.0,115439.75156478277,47.978921568627456,101.5,2488.9725796568628,2488.97265625,0.7550717466600693,0.8395604395604396,0.013071895424836602,0.0
outage_replay_fixed,11,False,0.6971061093247588,0.47386874274189816,336,768,336,0,21.93886637687683,15.315285403904822,35.00636663749674,0.2392810198944062,3,244.17385864257812,368.91428571428577,805.6,118704.43306122451,46.11428571428572,100.7,2488.972576530612,2488.97265625,0.6964374072241465,0.8395604395604396,0.35947712418300654,0.0
outage_replay_fixed,12,False,0.8632368703108253,0.5016782272101421,336,768,336,0,21.74274253845215,15.453432307620915,35.3221309888478,0.2728113189805299,3,265.91675662994385,376.61224489795916,811.7,114480.87331945021,47.076530612244895,101.4625,2488.972576530612,2488.97265625,0.9148936170212766,0.5362637362637362,0.5555555555555556,0.0
outage_replay_fixed,13,False,0.8983922829581994,0.5502769215629768,336,768,336,0,22.70370888710022,14.799344092669735,33.827072211816535,0.2379391707945615,3,288.6206285953522,388.00384615384615,795.1,111961.14960059173,48.50048076923077,99.3875,2488.9725811298076,2488.97265625,0.9601682335477486,0.3978021978021978,0.8431372549019608,0.0
outage_replay_fixed,14,False,0.880171489817792,0.5397477042301969,336,768,336,0,22.78688073158264,14.745326662209788,33.703603799336655,0.23891503922641277,3,311.40770840644836,462.796,4296.9,412579.6175839999,57.8495,537.1125,2488.972578125,2488.97265625,0.9324591786244434,0.4945054945054945,0.7320261437908496,0.0
outage_replay_fixed,15,False,0.8696677384780279,0.5241249923636337,336,768,336,0,22.112483501434326,15.195036775412646,34.73151262951462,0.29369913460686803,3,333.52036595344543,380.4354166666667,815.1,116033.55895399307,47.55442708333334,101.8875,2488.9725748697915,2488.97265625,0.9443344878772885,0.210989010989011,0.9411764705882353,0.0
outage_replay_fixed,16,False,0.6829581993569132,0.5901348320193097,336,768,336,0,21.891640186309814,15.348324618002877,35.08188484114943,0.35689417482353747,3,355.41217136383057,412.6812499999999,1944.5,163500.21444010417,51.58515624999999,243.0625,2488.9725748697915,2488.97265625,0.6603166749134092,0.8505494505494505,0.8496732026143791,0.0
outage_replay_fixed,17,False,0.834941050375134,0.5968790326366658,336,768,336,0,22.050921201705933,15.237458649755,34.828476913725716,0.2968719827476889,3,377.46329975128174,375.65000000000003,795.4,117123.08125,46.956250000000004,99.425,2488.9725748697915,2488.97265625,0.8567540821375557,0.654945054945055,0.8758169934640523,0.0
outage_replay_fixed,18,False,0.8355841371918542,0.5285404877387588,336,768,336,0,21.66984510421753,15.50541770760537,35.44095476024084,0.23627658328041434,3,399.13333654403687,439.7489361702127,3239.7,285122.4548392937,54.968617021276586,404.9625,2488.972573138298,2488.97265625,0.8983176645225136,0.2681318681318681,0.9477124183006536,0.0
outage_replay_fixed,19,False,0.8563772775991425,0.5752620628555664,336,768,336,0,22.421146392822266,14.985852824526603,34.253377884632236,0.17876724153757095,3,421.5546326637268,374.40600000000006,794.9,115854.67336399999,46.80075000000001,99.3625,2488.972578125,2488.97265625,0.8906481939633845,0.5934065934065934,0.8169934640522876,0.0
outage_replay_fixed,20,True,0.872454448017149,0.48076729657848494,336,768,320,16,21.666021585464478,15.508154031629836,35.44720921515391,0.17901102919131517,3,443.22079706192017,377.1458333333333,812.5,112431.53789930556,47.143229166666664,101.5625,2488.9725748697915,2488.97265625,0.9661058881741712,0.06153846153846154,0.8954248366013072,0.0
outage_replay_fixed,21,True,0.7380493033226152,0.5938404287481622,336,768,320,16,22.346949815750122,15.035609010191955,34.36710630901018,0.29175318172201514,3,465.56790566444397,370.93333333333334,791.9,113141.1438888889,46.36666666666667,98.9875,2488.9725748697915,2488.97265625,0.7300841167738743,0.7956043956043956,0.8496732026143791,0.0
outage_replay_fixed,22,True,0.8068595927116827,0.5106601026078862,336,768,320,16,22.826894760131836,14.71947908512018,33.64452362313184,0.22666518250480294,3,488.3949489593506,367.7270833333334,795.2,113879.93239149306,45.96588541666667,99.4,2488.9725748697915,2488.97265625,0.8683819891142999,0.24615384615384617,0.9281045751633987,0.0
outage_replay_fixed,23,True,0.8042872454448017,0.5759625659726075,336,768,320,16,22.490830898284912,14.939421381075896,34.14724887103062,0.294364222092554,3,510.88592290878296,371.874,794.9,114318.453124,46.48425,99.3625,2488.972578125,2488.97265625,0.8330034636318654,0.5296703296703297,0.9411764705882353,0.0
outage_replay_fixed,24,True,0.8087888531618436,0.5825156912890126,336,768,320,16,21.8932945728302,15.347164808031195,35.079233846928446,0.18558660917915404,3,532.7793619632721,367.6139999999999,794.2,116128.258404,45.95174999999999,99.275,2488.972578125,2488.97265625,0.8349826818406729,0.5604395604395604,0.934640522875817,0.0
outage_replay_fixed,25,True,0.3965702036441586,0.5282682537230373,336,768,320,16,22.72133183479309,14.787865537243043,33.80083551369839,0.17759306821972132,3,555.5008354187012,372.16,794.1,116508.38560000002,46.52,99.2625,2488.972578125,2488.97265625,0.3280554181098466,0.8307692307692308,0.954248366013072,0.0
outage_replay_fixed,26,True,0.8497320471596999,0.556119105173883,336,768,320,16,21.976675748825073,15.288936499778107,34.946140570921386,0.18025772017426786,3,577.4776742458344,375.21914893617026,795.0,118543.70239927569,46.90239361702128,99.375,2488.972573138298,2488.97265625,0.8933696190004948,0.4945054945054945,0.8366013071895425,0.0
outage_replay_fixed,27,True,0.7566988210075026,0.5634758667546746,336,768,320,16,22.148786783218384,15.170131135786603,34.67458545322652,0.2392118009738624,3,599.6266105175018,364.5020833333333,795.0,117218.03645399306,45.56276041666666,99.375,2488.9725748697915,2488.97265625,0.7763483424047501,0.5494505494505495,0.9281045751633987,0.0
outage_replay_fixed,28,True,0.840085744908896,0.5030716050741082,336,768,320,16,21.93488121032715,15.318067911022379,35.012726653765434,0.24629256292246282,3,621.5616419315338,463.75800000000004,4348.8,418474.9256360001,57.969750000000005,543.6,2488.972578125,2488.97265625,0.9148936170212766,0.17582417582417584,0.9215686274509803,0.0
outage_replay_fixed,29,True,0.854876741693462,0.5058676665961935,336,768,320,16,22.242669343948364,15.106100567529976,34.52822986863995,0.23771752580069005,3,643.8044526576996,456.3979166666666,4032.2,384455.1735373263,57.04973958333333,504.025,2488.9725748697915,2488.97265625,0.9277585353785255,0.23296703296703297,0.8627450980392157,0.0
outage_replay_fixed,30,True,0.7346195069667738,0.46354514401200664,336,768,320,16,21.786539316177368,15.42236677077514,35.25112404748604,0.2364700878970325,3,665.5911552906036,464.0479166666667,4650.4,486532.2104123265,58.00598958333334,581.3,2488.9725748697915,2488.97265625,0.8010885700148441,0.09230769230769231,0.9607843137254902,0.0
outage_replay_fixed,31,True,0.5545551982851018,0.5653442505917985,336,768,320,16,22.557745933532715,14.89510525519869,34.04595486902557,0.17924030148424208,3,688.1490595340729,382.7770833333334,795.0,117865.7750998264,47.847135416666674,99.375,2488.9725748697915,2488.97265625,0.5136071251855517,0.8065934065934066,0.9411764705882353,0.0
outage_replay_fixed,32,True,0.7296891747052519,0.5080663155022093,336,768,320,16,22.35245704650879,15.031904515055519,34.35863889155547,0.29690403095446527,3,710.5016746520996,363.6795918367347,795.6,115357.78611411911,45.459948979591836,99.45,2488.972576530612,2488.97265625,0.7726373082632361,0.2923076923076923,0.9673202614379085,0.0
outage_replay_fixed,33,True,0.7303322615219722,0.5788771266636039,336,768,320,16,21.999400854110718,15.273143220044396,34.91004164581576,0.2989034953061491,3,732.5012512207031,417.608,2079.1,168784.349136,52.201,259.8875,2488.972578125,2488.97265625,0.7248886689757545,0.7736263736263737,0.8169934640522876,0.0
outage_replay_fixed,34,True,0.812433011789925,0.5167659536441735,336,768,320,16,21.845817804336548,15.380518276285434,35.15547034579528,0.29685163777321577,3,754.3472647666931,368.8387755102041,807.9,114184.33053727614,46.10484693877551,100.9875,2488.972576530612,2488.97265625,0.8730826323602177,0.25934065934065936,0.934640522875817,0.0
outage_replay_fixed,35,True,0.4304394426580922,0.5429668977424893,336,768,320,16,21.812864303588867,15.403754194020175,35.20858101490326,0.2416683176998049,3,776.1602876186371,443.18333333333334,3476.2,310123.73138888885,55.39791666666667,434.525,2488.9725748697915,2488.97265625,0.3624443344878773,0.8813186813186813,0.9281045751633987,0.0
outage_replay_fixed,36,True,0.5243301178992498,0.5344123940952826,336,768,320,16,22.99104404449463,14.614386338860397,33.404311631680905,0.23682180838659406,3,799.1514995098114,375.0,800.6,111114.5479245283,46.875,100.075,2488.9725825471696,2488.97265625,0.49109351806036616,0.6923076923076923,0.954248366013072,0.0
outage_replay_fixed,37,True,0.8004287245444802,0.4757482954866312,336,768,320,16,22.025335550308228,15.255159188496355,34.86893528799167,0.238583653466776,3,821.1769788265228,437.6612244897959,2675.2,214546.10482299034,54.70765306122449,334.4,2488.972576530612,2488.97265625,0.8733300346363186,0.15384615384615385,0.8758169934640523,0.0
outage_replay_fixed,38,True,0.8002143622722401,0.5104982329652703,336,768,320,16,21.809266090393066,15.40629559047873,35.21438992109424,0.2379561709240079,3,842.9864056110382,372.16326530612236,828.7,113084.87375260307,46.520408163265294,103.5875,2488.972576530612,2488.97265625,0.8416625432953984,0.4879120879120879,0.7124183006535948,0.0
outage_replay_fixed,39,True,0.7539121114683816,0.5704645812447716,336,768,320,16,22.03129267692566,15.251034286876301,34.85950694143155,0.23758368170820177,3,865.0178418159485,382.092,813.1,114385.421136,47.7615,101.6375,2488.972578125,2488.97265625,0.7642256308758041,0.6483516483516484,0.869281045751634,0.0
outage_replay_fixed,40,True,0.8683815648445874,0.5349096063906729,336,768,320,16,22.040499448776245,15.244663614855412,34.8449454053838,0.2830708345863968,3,887.058488368988,371.4604166666666,795.5,114933.02197482639,46.43255208333333,99.4375,2488.9725748697915,2488.97265625,0.9344383968332509,0.2967032967032967,0.9084967320261438,0.0
outage_replay_fixed,41,True,0.4357984994640943,0.5341139716521734,336,768,320,16,21.99042057991028,15.279380345592775,34.92429793278349,0.29735558293759823,3,909.0490453243256,374.01666666666665,810.1,115419.90763888888,46.75208333333333,101.2625,2488.9725748697915,2488.97265625,0.3755566551212271,0.8131868131868132,0.9477124183006536,0.0
outage_replay_fixed,42,True,0.8647374062165059,0.4416840948180995,336,768,320,16,21.838215351104736,15.385872636474513,35.16770888337032,0.1959779909811914,3,930.8874516487122,379.654,791.3,114438.24328400001,47.45675,98.9125,2488.972578125,2488.97265625,0.9670954972785749,0.008791208791208791,0.7908496732026143,0.0
outage_replay_fixed,43,True,0.802572347266881,0.4606277819873303,336,768,320,16,21.8546621799469,15.374293925636712,35.1412432585982,0.1788353982847184,3,952.7422623634338,373.2836734693878,816.0,113720.46014160766,46.660459183673474,102.0,2488.972576530612,2488.97265625,0.8683819891142999,0.2813186813186813,0.6928104575163399,0.0
outage_replay_fixed,44,True,0.6878885316184351,0.5743997149729606,336,768,320,16,21.985273599624634,15.282957406804194,34.9324740726953,0.17836804152466357,3,974.72776222229,373.8354166666666,791.2,116919.0043706597,46.72942708333333,98.9,2488.9725748697915,2488.97265625,0.6840672934190994,0.6527472527472528,0.9607843137254902,0.0
outage_replay_fixed,45,True,0.8390139335476956,0.4896474070667103,336,768,320,16,22.19613003730774,15.137773991918586,34.60062626724248,0.17617561179213226,3,996.9240374565125,374.15319148936175,803.9,117576.61610683567,46.76914893617022,100.4875,2488.972573138298,2488.97265625,0.9181098466105888,0.14505494505494507,0.8954248366013072,0.0
outage_replay_fixed,46,True,0.8572347266881029,0.4794020146786686,336,768,320,16,21.8508939743042,15.37694523597629,35.14730339651724,0.17537234374321997,3,1018.7750992774963,368.33265306122445,807.5,116563.45117867553,46.041581632653056,100.9375,2488.972576530612,2488.97265625,0.9426026719445819,0.13186813186813187,0.8431372549019608,0.0
outage_replay_fixed,47,True,0.5819935691318328,0.5485531151523525,336,768,320,16,22.139983415603638,15.176163129516919,34.688372867467244,0.17856867657974362,3,1040.9152436256409,377.6098039215686,796.2,112948.27813917723,47.20122549019607,99.525,2488.9725796568628,2488.97265625,0.5561603166749134,0.7164835164835165,0.9215686274509803,0.0
outage_replay_fixed,48,True,0.5539121114683816,0.5289404805173061,336,768,320,16,22.970762729644775,14.627289653137085,33.43380492145619,0.29885253217071295,3,1063.886173248291,373.07142857142867,794.6,117332.84448979594,46.633928571428584,99.325,2488.972576530612,2488.97265625,0.5158337456704601,0.8417582417582418,0.7581699346405228,0.0
outage_replay_fixed,49,True,0.8563772775991425,0.38928274058960677,336,768,320,16,21.988255500793457,15.280884833627447,34.92773676257702,0.2959814101923257,3,1085.8745701313019,365.9775510204081,794.6,117125.42704706373,45.74719387755101,99.325,2488.972576530612,2488.97265625,0.9619000494804553,0.05274725274725275,0.5424836601307189,0.0
outage_replay_fixed,50,True,0.2514469453376206,0.35577770584756063,336,768,320,16,22.381864547729492,15.01215411627023,34.31349512290338,0.23732577939517796,3,1108.2565712928772,373.734693877551,795.4,117520.57736776343,46.71683673469388,99.425,2488.972576530612,2488.97265625,0.22958931222167245,0.20659340659340658,0.9869281045751634,0.0
outage_replay_fixed,51,True,0.8085744908896034,0.5303811514329022,336,768,320,16,21.91655707359314,15.330875140276493,35.042000320631985,0.23351962817832828,3,1130.1732783317566,453.48235294117643,4325.2,409137.679100346,56.685294117647054,540.65,2488.9725796568628,2488.97265625,0.8567540821375557,0.3824175824175824,0.8823529411764706,0.0
outage_replay_fixed,52,True,0.8282958199356913,0.4550707249240299,336,768,320,16,22.118593454360962,15.19083935844724,34.721918533593694,0.23504324164241552,3,1152.2920410633087,401.5076923076923,793.1,110408.34840236684,50.18846153846154,99.1375,2488.9725811298076,2488.97265625,0.9178624443344878,0.05274725274725275,0.8496732026143791,0.0
outage_replay_fixed,53,True,0.3819935691318328,0.45845509050751065,336,768,320,16,22.07090187072754,15.223664260210143,34.79694688048033,0.2969177651684731,3,1174.363086938858,371.6875,792.9,114837.77651041666,46.4609375,99.1125,2488.9725748697915,2488.97265625,0.34562097971301337,0.5208791208791209,0.9673202614379085,0.0
outage_replay_fixed,54,True,0.7912111468381565,0.4952317373745322,336,768,320,16,22.051332235336304,15.237174625738692,34.82782771597415,0.2630463328678161,3,1196.4145948886871,375.495744680851,798.0,116551.64636487098,46.93696808510637,99.75,2488.972573138298,2488.97265625,0.8426521523998021,0.367032967032967,0.7712418300653595,0.0
outage_replay_fixed,55,True,0.730117899249732,0.4959321072216552,336,768,320,16,21.946476936340332,15.309974397012692,34.99422719317187,0.2359371541533619,3,1218.361225605011,365.4102040816327,812.8,116259.94785506038,45.676275510204086,101.6,2488.972576530612,2488.97265625,0.7716476991588322,0.3362637362637363,0.8758169934640523,0.0
outage_replay_fixed,56,True,0.3221864951768489,0.5118919511117608,336,768,320,16,22.91782569885254,14.66107668393791,33.51103242042951,0.25874977582134306,3,1241.2792410850525,381.07400000000007,793.0,113106.34352400001,47.63425000000001,99.125,2488.972578125,2488.97265625,0.23577436912419594,0.9032967032967033,0.9084967320261438,0.0
outage_replay_fixed,57,True,0.637299035369775,0.5105553826600484,336,768,320,16,23.359453916549683,14.383897894203384,32.87748090103631,0.2390182949602604,3,1264.6388828754425,418.6816326530612,2196.2,182115.83660141606,52.33520408163265,274.525,2488.972576530612,2488.97265625,0.6506679861454725,0.4307692307692308,0.9607843137254902,0.0
outage_replay_fixed,58,True,0.4752411575562701,0.5223083501280085,336,768,320,16,21.8958899974823,15.345345635123074,35.07507573742417,0.2369328779168427,3,1286.5349209308624,367.08750000000003,795.1,119068.32484375,45.885937500000004,99.3875,2488.9725748697915,2488.97265625,0.433943592281049,0.6945054945054945,0.9607843137254902,0.0
outage_replay_fixed,59,True,0.7468381564844587,0.4248653884979816,336,768,320,16,21.917519092559814,15.33020222685968,35.04046223282212,0.23902639420703053,3,1308.4525907039642,374.5979591836735,795.1,116129.87693461057,46.824744897959185,99.3875,2488.972576530612,2488.97265625,0.805789213260762,0.2989010989010989,0.5947712418300654,0.0
outage_replay_fixed,60,True,0.6261521972132904,0.45809155504777943,336,768,320,16,22.2836594581604,15.078313354719434,34.46471623935871,0.35707801184616983,3,1330.7364127635956,379.172,813.7,114282.15281600002,47.3965,101.7125,2488.972578125,2488.97265625,0.6627906976744186,0.2087912087912088,0.9607843137254902,0.0
outage_replay_fixed,61,False,0.3682743837084673,0.5048199606921264,336,768,336,0,23.13222026824951,14.525194559952467,33.20044470846278,0.2932076961733401,3,1353.8688290119171,449.216,3949.2,362710.54574399994,56.152,493.65,2488.972578125,2488.97265625,0.29985155863433943,0.8043956043956044,0.9150326797385621,0.0
outage_replay_fixed,62,False,0.8788853161843515,0.4016370779017401,336,768,336,0,21.87470579147339,15.360206587599935,35.10904362879985,0.1932398765347898,3,1375.743689775467,382.21666666666664,810.7,113499.98972222222,47.77708333333333,101.3375,2488.9725748697915,2488.97265625,0.9898565066798615,0.015384615384615385,0.6013071895424836,0.0
outage_replay_fixed,63,False,0.4122186495176849,0.5073099820625797,336,768,336,0,22.214885234832764,15.124993734973462,34.57141425136791,0.2738486791495234,3,1397.95872092247,384.4307692307692,815.4,117469.85866863906,48.05384615384615,101.925,2488.9725811298076,2488.97265625,0.35353785254824344,0.7868131868131868,0.8888888888888888,0.0
outage_replay_fixed,64,False,0.7035369774919614,0.5488934527616601,336,768,336,0,22.603357076644897,14.865048535076886,33.977253794461454,0.3381062373518944,3,1420.5622260570526,438.47291666666666,3202.7,270643.39572482643,54.80911458333333,400.3375,2488.9725748697915,2488.97265625,0.7135081642751113,0.567032967032967,0.9150326797385621,0.0
outage_replay_fixed,65,False,0.5371918542336549,0.5437471273669137,336,768,336,0,22.192210912704468,15.140447309269609,34.60673670690196,0.2947593096178025,3,1442.7546119689941,426.1921568627451,2876.9,229994.93248750485,53.27401960784314,359.6125,2488.9725796568628,2488.97265625,0.4970311726867887,0.7956043956043956,0.8823529411764706,0.0
outage_replay_fixed,66,False,0.837513397642015,0.49132444373225,336,768,336,0,22.134180307388306,15.180141994589448,34.697467416204454,0.2391857476904988,3,1464.8889365196228,380.5160000000001,796.8,112049.09014399997,47.56450000000001,99.6,2488.972578125,2488.97265625,0.9136566056407719,0.17582417582417584,0.8758169934640523,0.0
outage_replay_fixed,67,False,0.6591639871382636,0.576292256203919,336,768,336,0,22.074570655822754,15.221134093105048,34.79116364138297,0.42154851579107344,3,1486.963660955429,365.7632653061224,813.3,117606.4619158684,45.7204081632653,101.6625,2488.972576530612,2488.97265625,0.6429985155863434,0.734065934065934,0.9281045751633987,0.0
outage_replay_fixed,68,False,0.8045016077170418,0.5014216195365597,336,768,336,0,22.007689952850342,15.267390658440402,34.89689293357806,0.18294692714698613,3,1508.9715161323547,376.631914893617,795.3,116532.29366229063,47.07898936170213,99.4125,2488.972573138298,2488.97265625,0.8711034141514102,0.1934065934065934,0.9411764705882353,0.0
outage_replay_fixed,69,False,0.8068595927116827,0.4884994306531403,336,768,336,0,22.689449310302734,14.80864499639621,33.84833142033419,0.2964485161937773,3,1531.6611142158508,374.33921568627454,811.2,112985.75297193386,46.79240196078432,101.4,2488.9725796568628,2488.97265625,0.8785254824344384,0.16043956043956045,0.9150326797385621,0.0
outage_replay_fixed,70,False,0.2936763129689175,0.48113571771341657,336,768,336,0,22.709612607955933,14.795496770485993,33.818278332539414,0.24029428092762825,3,1554.3710625171661,372.6833333333334,808.4,118557.59472222223,46.585416666666674,101.05,2488.9725748697915,2488.97265625,0.21870361207323108,0.7450549450549451,0.9607843137254902,0.0
outage_replay_fixed,71,False,0.8154340836012862,0.5500321331542044,336,768,336,0,22.566446542739868,14.889362370971018,34.032828276505185,0.25485725328326225,3,1576.9376666545868,377.77551020408157,800.2,113855.3594002499,47.221938775510196,100.025,2488.972576530612,2488.97265625,0.8612073231073726,0.3912087912087912,0.9477124183006536,0.0
outage_replay_fixed,72,False,0.6893890675241158,0.5801874409414357,336,768,336,0,22.03600811958313,15.247770747615624,34.85204742312143,0.23865609569475052,3,1598.9738185405731,363.2734693877551,808.7,117155.20643898375,45.409183673469386,101.0875,2488.972576530612,2488.97265625,0.6781296387926768,0.7406593406593407,0.9019607843137255,0.0
outage_replay_fixed,73,False,0.7095391211146839,0.5706168678918045,336,768,336,0,22.79919171333313,14.737364562073699,33.685404713311314,0.23685318906791508,3,1621.7731561660767,379.42800000000005,809.5,114481.21521600001,47.42850000000001,101.1875,2488.972578125,2488.97265625,0.7102919346857991,0.6571428571428571,0.9150326797385621,0.0
outage_replay_fixed,74,False,0.6786709539121115,0.5057368968216831,336,768,336,0,22.526505947113037,14.915761937907696,34.09317014378902,0.23949524899944663,3,1644.2998039722443,429.5897959183674,3095.3,263017.8127530195,53.69872448979592,386.9125,2488.972576530612,2488.97265625,0.6986640277090549,0.46153846153846156,0.8627450980392157,0.0
outage_replay_fixed,75,False,0.4255091103965702,0.46152768355594564,336,768,336,0,22.30808401107788,15.061804493525626,34.42698169948714,0.2977876446675509,3,1666.6080300807953,370.1499999999999,794.8,116879.79458333332,46.26874999999999,99.35,2488.9725748697915,2488.97265625,0.3995546759030183,0.49230769230769234,0.954248366013072,0.0
outage_replay_fixed,76,False,0.5969989281886388,0.556892791245325,336,768,336,0,22.645983934402466,14.83706784272545,33.9132979262296,0.2958996419329196,3,1689.2541580200195,375.21276595744683,794.9,114653.73132639202,46.901595744680854,99.3625,2488.972573138298,2488.97265625,0.5719940623453735,0.7274725274725274,0.9281045751633987,0.0
outage_replay_fixed,77,False,0.3935691318327974,0.525233272999376,336,768,336,0,23.293578386306763,14.424576354379246,32.97046023858113,0.23600633395835757,3,1712.5478897094727,379.3180000000001,795.1,112061.33627600002,47.41475000000001,99.3875,2488.972578125,2488.97265625,0.32459178624443347,0.8351648351648352,0.9411764705882353,0.0
outage_replay_fixed,78,False,0.7464094319399786,0.5442478215610329,336,768,336,0,22.6096613407135,14.860903705574774,33.96777989845663,0.29851810564287007,3,1735.1577084064484,371.18571428571425,795.1,116554.09510204082,46.39821428571428,99.3875,2488.972576530612,2488.97265625,0.7694210786739238,0.5186813186813187,0.8888888888888888,0.0
outage_replay_fixed,79,False,0.37556270096463024,0.5101764891749465,336,768,336,0,21.87004065513611,15.363483099931571,35.11653279984359,0.17852280661463737,3,1757.0279018878937,373.70816326530604,812.7,114042.87095376928,46.713520408163255,101.5875,2490.589923469388,2504.84765625,0.3082632360217714,0.7978021978021979,0.934640522875817,0.0
outage_replay_fixed,80,False,0.8735262593783494,0.4923327754832252,336,768,336,0,22.44762873649597,14.968173429103537,34.21296783795094,0.23504781420342624,3,1779.475683927536,377.3333333333333,809.3,115078.02888888889,47.166666666666664,101.1625,2528.8475748697915,2536.84765625,0.954477981197427,0.2043956043956044,0.8104575163398693,0.0
outage_replay_fixed,81,False,0.5333333333333333,0.5336471724405769,336,768,336,0,22.959534883499146,14.634442801429781,33.45015497469664,0.19983772304840386,3,1802.435363292694,381.8607843137255,814.5,118508.20787389464,47.73259803921569,101.8125,2536.8475796568628,2536.84765625,0.5009896091044037,0.7054945054945055,0.9281045751633987,0.0
outage_replay_fixed,82,False,0.5929260450160772,0.5460158851345509,336,768,336,0,22.579431772232056,14.880799631689989,34.01325630100569,0.2971404760610312,3,1825.015111207962,396.5280000000001,1522.4,138459.58481600005,49.56600000000001,190.3,2536.847578125,2536.84765625,0.570014844136566,0.7120879120879121,0.9019607843137255,0.0
outage_replay_fixed,83,False,0.6799571275455519,0.4875880287790524,336,768,336,0,23.204463958740234,14.47997250000863,33.09708000001973,0.23949373629875478,3,1848.21972489357,376.2829787234043,791.2,114034.2507741059,47.03537234042554,98.9,2536.1720412234044,2552.84765625,0.7144977733795151,0.3142857142857143,0.9215686274509803,0.0
outage_replay_fixed,84,False,0.719828510182208,0.5166370061136776,336,768,336,0,23.05743432044983,14.572306499079945,33.30812914075416,0.2606959193944931,3,1871.2773370742798,376.53617021276597,807.7,114959.63507469442,47.067021276595746,100.9625,2551.9991688829787,2552.84765625,0.7466600692726373,0.45714285714285713,0.8627450980392157,0.0
outage_replay_fixed,85,False,0.8529474812433012,0.3980539588930892,336,768,336,0,23.560284852981567,14.26128767528373,32.5972289720771,0.18549743969924748,3,1894.8377614021301,390.15294117647056,797.0,116064.39229527103,48.76911764705882,99.625,2531.8751531862745,2606.72265625,0.9579416130628402,0.03296703296703297,0.6013071895424836,0.0
outage_replay_fixed,86,False,0.41093247588424436,0.5014156881367348,336,768,336,0,23.494677305221558,14.301111508576707,32.68825487674676,0.2966970244888216,3,1918.3325810432434,405.8163636363637,795.2,113745.61009586777,50.72704545454546,99.4,2559.2487926136364,2616.8515625,0.35650667986145473,0.7406593406593407,0.9084967320261438,0.0
outage_replay_fixed,87,False,0.7170418006430869,0.5343705757718914,336,768,336,0,23.362972021102905,14.38173190022672,32.87253005766107,0.24926150031387803,3,1941.6957206726074,413.84444444444443,785.6,111298.24913580249,51.730555555555554,98.2,2553.144965277778,2624.8515625,0.7389905987135081,0.47692307692307695,0.9215686274509803,0.0
outage_replay_fixed,88,False,0.43965702036441584,0.5240124823448455,336,768,336,0,23.332181930541992,14.400710615074264,32.9159099773126,0.236084507079795,3,1965.0280470848083,394.8283018867925,808.5,111725.71485938056,49.35353773584906,101.0625,2571.1364976415093,2648.85546875,0.3857001484413657,0.7626373626373626,0.9477124183006536,0.0
outage_replay_fixed,89,False,0.8347266881028939,0.480171450328187,336,768,336,0,23.612467527389526,14.229770760309286,32.52519030927837,0.2981210961006582,3,1988.6406645774841,402.40769230769223,795.1,111989.98532544379,50.30096153846153,99.3875,2593.7060546875,2664.8515625,0.9151410192973776,0.13626373626373625,0.869281045751634,0.0
outage_replay_fixed,90,False,0.38863879957127545,0.497589647386632,336,768,336,0,23.254143238067627,14.449038029918015,33.02637263981261,0.2967912000603974,3,2011.894966840744,410.48181818181826,795.0,110125.85457851237,51.31022727272728,99.375,2605.3075994318183,2688.85546875,0.33275606135576447,0.7098901098901099,0.9477124183006536,0.0
outage_replay_fixed,91,False,0.5198285101822079,0.5339793956887999,336,768,336,0,24.054766416549683,13.968125658822942,31.927144363023867,0.23831558809615672,3,2035.949900150299,445.79423076923075,2824.6,225182.22708210064,55.724278846153844,353.075,2638.895207331731,2696.8515625,0.48490846115784264,0.7032967032967034,0.9477124183006536,0.0
outage_replay_fixed,92,False,0.395069667738478,0.50361489144561,336,768,336,0,24.054319143295288,13.968385386358108,31.927738025961393,0.2927023130469024,3,2060.0044667720795,395.2142857142857,794.7,109221.44872448979,49.401785714285715,99.3375,2666.7796456473216,2676.5390625,0.33696190004948046,0.7428571428571429,0.934640522875817,0.0
outage_replay_fixed,93,False,0.6259378349410504,0.48694886625148287,336,768,336,0,23.07961678504944,14.558300648113654,33.27611576711692,0.37070513516664505,3,2083.0842428207397,381.6057692307692,795.3,111409.74823594675,47.70072115384615,99.4125,2658.417217548077,2696.84765625,0.6412666996536368,0.42417582417582417,0.8823529411764706,0.0
outage_replay_fixed,94,False,0.42229367631296894,0.5033403047715996,336,768,336,0,23.850302934646606,14.087871375080233,32.20084885732625,0.2983767903642729,3,2106.934739589691,385.2890909090909,798.6,110068.04497190082,48.16113636363636,99.825,2678.6686789772725,2696.85546875,0.37085601187530925,0.7274725274725274,0.9150326797385621,0.0
outage_replay_fixed,95,False,0.4737406216505895,0.5181844413376561,336,768,336,0,23.15956473350525,14.508044683322755,33.16124499045201,0.23649567505344748,3,2130.0944690704346,460.6901960784315,3130.3,255772.19264898117,57.586274509803935,391.2875,2663.1449908088234,2712.8515625,0.43023255813953487,0.7274725274725274,0.9150326797385621,0.0
outage_replay_fixed,96,False,0.33783494105037515,0.4774078720159577,336,768,336,0,22.956045627593994,14.636667196553917,33.455239306408956,0.2264431316871196,3,2153.050679922104,377.12884615384604,795.8,112699.86551405324,47.141105769230755,99.475,2673.9656700721152,2704.8515625,0.2785749628896586,0.6637362637362637,0.9673202614379085,0.0
outage_replay_fixed,97,False,0.6608788853161843,0.3979770905812178,336,768,336,0,23.536581993103027,14.27564971406888,32.6300564893003,0.29630986764095724,3,2176.5874195098877,394.8803921568627,796.0,110924.6815763168,49.360049019607835,99.5,2669.9216452205883,2712.3046875,0.6922315685304304,0.4879120879120879,0.4117647058823529,0.0
outage_replay_fixed,98,False,0.6853161843515542,0.5216439009661642,336,768,336,0,23.17844796180725,14.496225137837127,33.13422888648486,0.4138158052228391,3,2199.766056060791,377.68199999999996,810.3,116234.497876,47.210249999999995,101.2875,2697.062578125,2720.84765625,0.7058386937159822,0.43956043956043955,0.9411764705882353,0.0
outage_replay_fixed,99,False,0.30782422293676315,0.48624330953914446,336,768,336,0,22.420255661010742,14.986448195785318,34.25473873322358,0.19703109213151038,3,2222.1864898204803,396.8588235294117,813.8,116090.18595155707,49.607352941176465,101.725,2672.642999387255,2752.8515625,0.2323107372587828,0.778021978021978,0.934640522875817,0.0
outage_replay_fixed,100,False,0.7972132904608789,0.5022354722728737,336,768,336,0,24.28929305076599,13.833255636454345,31.61887002618136,0.29686084180139005,3,2246.475942134857,389.33076923076925,795.1,111873.93328402369,48.666346153846156,99.3875,2700.5789513221152,2728.8515625,0.8562592775853538,0.2703296703296703,0.8823529411764706,0.0
