round,frame_accuracy,balanced_accuracy,samples_processed,samples_trained,samples_received,stale_samples_discarded,live_samples,live_samples_trained,fallback_samples,fallback_samples_trained,fallback_delay,queue_fill_seconds_avg,queue_fill_seconds_max,queue_fill_complete_senders,compute_time,train_loss_avg,round_wall_time,samples_trained_per_second,images_processed_per_second,replay_buffer_size,queue_length_avg,queue_length_max,outage_active,resource_scope,cpu_avg,cpu_peak,cpu_var,cpu_avg_host_percent,cpu_peak_host_percent,memory_avg_mb,memory_peak_mb,acc_car,pred_car,test_car,train_car,received_car,buffer_car,acc_van,pred_van,test_van,train_van,received_van,buffer_van,acc_bus,pred_bus,test_bus,train_bus,received_bus,buffer_bus,acc_others,pred_others,test_others,train_others,received_others,buffer_others,received_camera0,queue_fill_seconds_camera0,queue_fill_complete_camera0,received_camera1,queue_fill_seconds_camera1,queue_fill_complete_camera1,received_camera2,queue_fill_seconds_camera2,queue_fill_complete_camera2
1,0.8459935155164428,0.25,124,124,124,18,124,124,0,0,0.0,1.9645519463333396,1.993810494999991,0,0.7238657474517822,0.6911754618088404,2.736008882522583,45.32149028904934,45.32149028904934,124,16.333333333333332,17,False,receive_fallback_train_excludes_evaluation,66.02678571428571,298.5,10652.622675382652,22.00892857142857,99.5,661.9111328125,857.2890625,1.0,4318,3653,124,124,124,0.0,0,453,0,0,0,0.0,0,189,0,0,0,0.0,0,23,0,0,0,41,1.9478697150000244,False,42,1.993810494999991,False,41,1.9519756290000032,False
2,0.8459935155164428,0.25,249,249,125,1627,125,249,0,0,0.0,1.956834236666661,1.957804570999997,0,0.6255664825439453,0.0,2.636251926422119,94.45227806355328,47.4158022407396,249,13.666666666666666,14,True,receive_fallback_train_excludes_evaluation,74.89259259259259,318.1,14025.756611796984,24.964197530864197,106.03333333333335,855.031394675926,959.546875,1.0,4318,3653,249,125,249,0.0,0,453,0,0,0,0.0,0,189,0,0,0,0.0,0,23,0,0,0,41,1.9558944359999941,False,42,1.9568037029999914,False,42,1.957804570999997,False
3,0.8459935155164428,0.25,256,256,216,1155,88,166,128,90,0.4753188299764507,1.3333853483333276,2.0005281829999717,1,0.9144790172576904,59.2129693031311,2.9353673458099365,87.21225313261894,73.58533858064723,465,869.3333333333334,2570,True,receive_fallback_train_excludes_evaluation,154.31666666666666,2599.4,115341.9373888889,51.43888888888889,866.4666666666667,1032.7169921875,1148.93359375,1.0,4318,3653,108,181,430,0.0,0,453,64,30,30,0.0,0,189,41,2,2,0.0,0,23,43,3,3,44,1.9996278620000112,False,128,0.0,True,44,2.0005281829999717,False
4,0.0333487725798981,0.31677704194260486,256,256,298,574,42,95,256,161,0.9339704560198256,0.6633551053333235,1.9900653159999706,2,0.997490644454956,4.699965193867683,3.0169076919555664,84.85509871005043,98.77663834216808,763,2178.3333333333335,4040,True,receive_fallback_train_excludes_evaluation,183.47868852459013,4166.6,278593.32003762433,61.15956284153004,1388.8666666666668,1263.2387295081967,1384.109375,0.0,0,3653,91,262,692,0.2671081677704194,756,453,93,32,62,0.0,0,189,39,2,4,1.0,3562,23,33,2,5,128,0.0,True,128,0.0,True,42,1.9900653159999706,False
5,0.02269569245020843,0.29293247836294195,256,256,212,4277,84,98,128,158,0.5948082657148887,1.3379047333333272,2.0082335519999788,1,0.7934095859527588,1.8019133806228638,2.8157143592834473,90.91831320033036,75.29172811902359,975,1351.6666666666667,4021,True,receive_fallback_train_excludes_evaluation,87.41754385964913,318.6,15928.043551862109,29.13918128654971,106.2,1317.7961211622808,1434.76171875,0.0,0,3653,91,169,861,0.16114790286975716,398,453,92,31,93,0.010582010582010581,46,189,36,5,9,1.0,3874,23,37,7,12,42,2.0054806480000025,False,128,0.0,True,42,2.0082335519999788,False
6,0.01667438628994905,0.3078769403272714,256,256,212,999,84,100,128,156,0.6822103771220988,1.3166988823333174,1.9756405969999946,1,0.7967348098754883,0.9875911474227905,2.8146305084228516,90.95332379646766,75.32072126894978,1187,1354.6666666666667,4030,True,receive_fallback_train_excludes_evaluation,86.24736842105264,318.6,15259.114422899353,28.749122807017546,106.2,1202.0740131578948,1324.08203125,0.0,0,3653,84,175,1036,0.019867549668874173,90,453,86,14,107,0.21164021164021163,263,189,43,19,28,1.0,3965,23,43,4,16,42,1.974456049999958,False,128,0.0,True,42,1.9756405969999946,False
7,0.0539601667438629,0.37271384543195657,256,256,212,944,84,97,128,159,0.7151739936483267,1.3220183419999785,1.983455001999971,1,0.7868304252624512,0.9870784282684326,2.8090639114379883,91.13356195194257,75.46998099145243,1399,1356.6666666666667,4036,True,receive_fallback_train_excludes_evaluation,86.47017543859648,317.7,15656.023145583258,28.823391812865495,105.89999999999999,1235.1455592105262,1321.55078125,0.0,0,3653,82,168,1204,0.3620309050772627,1465,453,78,17,124,0.25925925925925924,305,189,60,18,46,0.8695652173913043,2548,23,36,9,25,42,1.9826000239999644,False,128,0.0,True,42,1.983455001999971,False
8,0.05697081982399259,0.3603200502135141,256,256,212,976,84,83,128,173,0.7213183494259833,1.324341984000019,1.9873808990000157,1,0.7895936965942383,0.758084699511528,2.8083717823028564,91.1560220100491,75.4885807270719,1611,1354.0,4028,True,receive_fallback_train_excludes_evaluation,86.38771929824561,318.4,15412.969849184368,28.795906432748538,106.13333333333333,1210.748355263158,1325.6171875,0.0,0,3653,73,176,1380,0.4194260485651214,1572,453,70,12,136,0.19576719576719576,223,189,75,20,66,0.8260869565217391,2523,23,38,4,29,42,1.9856450530000416,False,128,0.0,True,42,1.9873808990000157,False
9,0.058360352014821676,0.38521580689735024,256,256,212,978,84,88,128,168,0.724909548093784,1.3245536469999972,1.9871211070000072,1,0.7506194114685059,0.8478182405233383,2.7699315547943115,92.42105623761881,76.53618719677809,1823,1350.0,4018,True,receive_fallback_train_excludes_evaluation,85.13035714285714,314.3,15372.091042729593,28.376785714285713,104.76666666666667,1219.5794503348213,1333.6953125,0.0,0,3653,73,159,1539,0.3708609271523179,1443,453,73,4,140,0.3439153439153439,345,189,71,49,115,0.8260869565217391,2530,23,39,0,29,42,1.9865398339999842,False,128,0.0,True,42,1.9871211070000072,False
10,0.06924502084298287,0.37575392635859095,256,256,212,966,84,87,128,169,0.80984378936937,1.3261509370000037,1.989633528000013,1,0.8243424892425537,0.721660278737545,2.8418021202087402,90.0836825264934,74.60054959225235,2035,1362.0,4050,True,receive_fallback_train_excludes_evaluation,88.65689655172413,318.7,15714.405555885853,29.55229885057471,106.23333333333333,1229.6237203663793,1344.47265625,0.0,0,3653,69,184,1723,0.4392935982339956,2053,453,71,21,161,0.455026455026455,495,189,73,7,122,0.6086956521739131,1770,23,43,0,29,42,1.988819282999998,False,128,0.0,True,42,1.989633528000013,False
11,0.08360352014821677,0.3848878803528962,256,256,212,993,84,73,128,183,0.5526472654369675,1.3280598103333432,1.9925677410000162,1,0.7871389389038086,0.5333801582455635,2.800469398498535,91.4132466997332,75.70159492321655,2247,1351.0,4019,True,receive_fallback_train_excludes_evaluation,86.4298245614035,318.6,15591.031566635887,28.809941520467834,106.2,1239.3804139254387,1354.578125,0.0,0,3653,73,175,1898,0.5386313465783664,2381,453,66,34,195,0.5661375661375662,568,189,76,0,122,0.43478260869565216,1369,23,41,3,32,42,1.9925677410000162,False,128,0.0,True,42,1.9916116900000134,False
12,0.0856878184344604,0.35765626594880845,256,256,212,966,84,67,128,189,0.6048598976350965,1.3364813683333523,2.0051301820000162,1,0.833420991897583,0.5083586052060127,2.851799249649048,89.76788952851581,74.33903351580216,2459,1358.3333333333333,4039,True,receive_fallback_train_excludes_evaluation,87.85517241379311,318.2,15397.981093935789,29.28505747126437,106.06666666666666,1248.9528556034484,1365.9140625,0.0,0,3653,74,179,2077,0.5960264900662252,2577,453,76,33,228,0.48677248677248675,467,189,69,0,122,0.34782608695652173,1274,23,37,0,32,42,2.0043139230000406,False,128,0.0,True,42,2.0051301820000162,False
13,0.08383510884668828,0.3504540697169548,256,256,212,988,84,75,128,181,0.5433949852047302,1.3259117369999938,1.98960407200002,1,0.8211805820465088,0.4313027635216713,2.8396499156951904,90.15195802308159,74.65709023786445,2671,1359.0,4041,True,receive_fallback_train_excludes_evaluation,193.78965517241377,6138.5,635594.0688585017,64.59655172413792,2046.1666666666667,1263.016635237069,1378.63671875,0.0,0,3653,67,179,2256,0.6136865342163356,2630,453,72,31,259,0.3968253968253968,398,189,73,0,122,0.391304347826087,1290,23,44,2,34,42,1.988131138999961,False,128,0.0,True,42,1.98960407200002,False
14,0.08615099583140343,0.36599420777364916,256,256,212,972,84,79,128,177,0.6992973987708659,1.3292654576666412,1.9942391109999562,1,0.7789647579193115,0.4380914643406868,2.797945737838745,91.49569862557289,75.76987542430255,2883,1352.6666666666667,4024,True,receive_fallback_train_excludes_evaluation,85.02982456140352,318.1,15031.621040320095,28.343274853801173,106.03333333333335,1272.6131441885964,1387.703125,0.0,0,3653,72,191,2447,0.6070640176600441,2533,453,69,17,276,0.4656084656084656,465,189,75,4,126,0.391304347826087,1320,23,40,0,34,42,1.9935572619999675,False,128,0.0,True,42,1.9942391109999562,False
15,0.09124594719777675,0.3912403621588764,256,256,212,970,84,74,128,182,0.7696909373181694,1.3162009066666467,1.9747593949999782,1,0.8086674213409424,0.3993053287267685,2.828883409500122,90.49506923483867,74.94122921010077,3095,1358.6666666666667,4040,True,receive_fallback_train_excludes_evaluation,88.39649122807018,318.7,16050.921742074486,29.465497076023393,106.23333333333333,1284.3003700657894,1398.40234375,0.0,0,3653,69,180,2627,0.6181015452538632,2516,453,73,27,303,0.5555555555555556,532,189,71,4,130,0.391304347826087,1270,23,43,1,35,42,1.9738433249999616,False,128,0.0,True,42,1.9747593949999782,False
16,0.09634089856415007,0.3989346386409444,256,256,211,961,83,76,128,180,0.6670649679922218,1.3241599200000185,2.0102988480000477,1,0.8417184352874756,0.4956452399492264,2.8565986156463623,89.61707066502758,73.8640699621907,3306,1359.0,4040,True,receive_fallback_train_excludes_evaluation,88.71724137931035,298.6,15501.869357907253,29.57241379310345,99.53333333333335,1297.2134294181035,1410.0390625,0.0,0,3653,73,173,2800,0.6247240618101545,2564,453,74,21,324,0.6666666666666666,631,189,66,17,147,0.30434782608695654,1123,23,43,0,35,41,1.962180912000008,False,128,0.0,True,42,2.0102988480000477,False
17,0.0984251968503937,0.4177772750332497,256,256,299,903,43,79,256,177,1.2720989460713972,0.6570573513333405,1.9711720540000215,2,0.9740476608276367,0.4254309684038162,2.993569850921631,85.51662822271717,99.8807493695017,3605,1512.3333333333333,4050,True,receive_fallback_train_excludes_evaluation,110.61639344262298,314.4,14514.079731255038,36.87213114754099,104.8,1310.8491290983607,1419.078125,0.0,0,3653,68,257,3057,0.6048565121412803,2425,453,73,39,363,0.7619047619047619,725,189,71,2,149,0.30434782608695654,1168,23,44,1,36,43,1.9711720540000215,False,128,0.0,True,128,0.0,True
18,0.0984251968503937,0.4273240889278897,256,256,299,500,43,70,256,186,1.2629760168695034,0.6650797500000181,1.9952392500000542,2,0.9546325206756592,0.43313269317150116,2.977583169937134,85.9757680607138,100.41701035216182,3904,2315.3333333333335,4032,True,receive_fallback_train_excludes_evaluation,107.56666666666668,315.8,15098.600888888888,35.85555555555556,105.26666666666667,1415.7971354166666,1531.125,0.0,0,3653,73,268,3325,0.6048565121412803,2232,453,71,27,390,0.7566137566137566,708,189,69,0,149,0.34782608695652173,1378,23,43,4,40,43,1.9952392500000542,False,128,0.0,True,128,0.0,True
19,0.09726725335803613,0.4191685824280123,256,256,297,505,41,69,256,187,1.1467443835233218,0.6590993483333326,1.9772980449999977,2,0.895390510559082,0.42869704216718674,2.918943405151367,87.70296798088302,101.74914644657132,4201,2703.3333333333335,4051,True,receive_fallback_train_excludes_evaluation,94.39491525423729,318.3,16609.134380925025,31.46497175141243,106.10000000000001,1486.9287605932204,1600.91015625,0.0,0,3653,66,260,3585,0.609271523178808,2182,453,69,29,419,0.7195767195767195,626,189,70,5,154,0.34782608695652173,1510,23,51,3,43,41,1.9772980449999977,False,128,0.0,True,128,0.0,True
20,0.09031959240389069,0.4606640493481841,256,256,298,486,42,64,256,192,1.2089493656309294,0.6559454889999946,1.9678364669999837,2,0.827617883682251,0.4156249538064003,2.8462958335876465,89.94145899350238,104.69747960962387,4499,2680.3333333333335,4036,True,receive_fallback_train_excludes_evaluation,88.1758620689655,318.6,15416.166658739598,29.3919540229885,106.2,1501.2720231681035,1612.8125,0.0,0,3653,66,247,3832,0.5408388520971302,1715,453,68,24,443,0.6931216931216931,585,189,67,19,173,0.6086956521739131,2018,23,55,8,51,42,1.9678364669999837,False,128,0.0,True,128,0.0,True
21,0.08661417322834646,0.4495214024439478,256,256,214,4546,86,73,128,183,0.614717883133987,1.3398264086666813,2.0107669840000426,1,0.8008379936218262,0.37462395429611206,2.8338117599487305,90.33768707510465,75.5166602893453,4713,1354.3333333333333,4029,True,receive_fallback_train_excludes_evaluation,86.6396551724138,313.5,15219.835841260405,28.879885057471267,104.5,1487.6834590517242,1584.5703125,0.0,0,3653,66,173,4005,0.5121412803532008,1487,453,64,18,461,0.6772486772486772,568,189,66,18,191,0.6086956521739131,2263,23,60,5,56,43,2.0107669840000426,False,43,2.0087122420000014,False,128,0.0,True
22,0.09008800370541918,0.46165392285461393,256,256,212,994,84,69,128,187,0.7745523860998328,1.3196869503333346,1.9800216190000128,1,0.7613837718963623,0.48436035215854645,2.7814271450042725,92.03908161312158,76.21986446086632,4925,1352.0,4022,True,receive_fallback_train_excludes_evaluation,83.7,308.2,15260.0550877193,27.900000000000002,102.73333333333333,1433.2121025219299,1549.7265625,0.0,0,3653,65,158,4163,0.5342163355408388,1634,453,68,13,474,0.7037037037037037,611,189,66,41,232,0.6086956521739131,2073,23,57,0,56,42,1.979039231999991,False,42,1.9800216190000128,False,128,0.0,True
23,0.08985641500694766,0.46784391694849903,256,256,212,987,84,65,128,191,0.5893158132146507,1.3184987966666313,1.9782917819999284,1,0.7748761177062988,0.4235544875264168,2.7940921783447266,91.62188777596424,75.87437581447038,5137,1353.0,4025,True,receive_fallback_train_excludes_evaluation,85.89649122807016,298.6,15254.237531548171,28.632163742690054,99.53333333333335,1439.5964912280701,1553.65234375,0.0005474952094169176,2,3653,66,148,4311,0.5055187637969095,1546,453,66,15,489,0.7566137566137566,656,189,66,49,281,0.6086956521739131,2114,23,58,0,56,42,1.9782917819999284,False,42,1.9772046079999654,False,128,0.0,True
24,0.09796201945345068,0.44626770180200653,256,256,212,986,84,81,128,175,0.6709127579858334,1.3205749189999854,1.9812558329999774,1,0.769254207611084,0.530195452272892,2.7878856658935547,91.82586041165665,76.04329065340316,5349,1355.6666666666667,4033,True,receive_fallback_train_excludes_evaluation,84.13684210526316,318.2,15115.691800554016,28.04561403508772,106.06666666666666,1446.136992872807,1562.734375,0.0016424856282507528,6,3653,65,128,4439,0.5761589403973509,2206,453,64,35,524,0.7724867724867724,729,189,66,49,330,0.43478260869565216,1377,23,61,0,56,42,1.9804689239999789,False,42,1.9812558329999774,False,128,0.0,True
25,0.0968040759610931,0.45026333148993675,256,256,212,982,84,81,128,175,0.2052074075164883,1.3197614083333065,1.9802195229999597,1,0.6651055812835693,0.509579986333847,2.6836109161376953,95.39385849884683,78.99803906935753,5561,1337.3333333333333,3982,False,receive_fallback_train_excludes_evaluation,77.15636363636364,318.2,14603.34245950413,25.71878787878788,106.06666666666666,1462.9987926136364,1578.86328125,0.0,0,3653,64,170,4609,0.5673289183222958,2134,453,65,35,559,0.798941798941799,757,189,65,4,334,0.43478260869565216,1427,23,62,3,59,42,1.9790647019999597,False,42,1.9802195229999597,False,128,0.0,True
26,0.09402501157943492,0.4665888174382272,256,256,126,5049,126,73,0,183,0.0,1.9772562286667228,1.9795141900000317,0,0.6894547939300537,0.44937676936388016,2.7122106552124023,94.38794863076437,46.45656846670434,5687,15.0,15,False,receive_fallback_train_excludes_evaluation,79.63818181818182,318.2,14956.608542148764,26.546060606060607,106.06666666666666,1461.887997159091,1572.56640625,0.0,0,3653,65,112,4721,0.5298013245033113,1722,453,66,4,563,0.8148148148148148,747,189,66,10,344,0.5217391304347826,1849,23,59,0,59,42,1.9758086340000318,False,42,1.976445862000105,False,42,1.9795141900000317,False
27,0.09634089856415007,0.472878456178197,256,256,127,1462,127,91,0,165,0.0,2.0017832570000187,2.0032465250000087,0,0.6311938762664795,0.4699397422373295,2.6406326293945312,96.94646546070214,48.094535599645205,5814,13.0,13,False,receive_fallback_train_excludes_evaluation,93.45555555555555,1010.0,29787.4713580247,31.15185185185185,336.6666666666667,1482.8948929398148,1596.3671875,0.0,0,3653,65,83,4804,0.5496688741721855,1833,453,64,25,588,0.8201058201058201,737,189,67,19,363,0.5217391304347826,1748,23,60,0,59,43,2.0006643699999813,False,42,2.0014388760000656,False,42,2.0032465250000087,False
28,0.0998147290412228,0.46727197378510554,256,256,126,1329,126,81,0,175,0.0,1.9809962799999614,1.9845950419999099,0,0.6737170219421387,0.44269175454974174,2.6849215030670166,95.34729402985087,46.92874628031723,5940,14.666666666666666,15,False,receive_fallback_train_excludes_evaluation,78.05272727272727,318.1,14592.002492561984,26.017575757575756,106.03333333333335,1556.5089488636363,1596.3671875,0.0002737476047084588,1,3653,66,107,4911,0.5916114790286976,2075,453,66,7,595,0.798941798941799,672,189,64,12,375,0.4782608695652174,1570,23,60,0,59,42,1.9787314589999596,False,42,1.979662339000015,False,42,1.9845950419999099,False
29,0.103056970819824,0.5070007409081179,256,256,128,1427,128,96,0,160,0.0,1.9943223319999863,1.9978928079999605,0,0.6629078388214111,0.37758056819438934,2.6734814643859863,95.7552926437794,47.8776463218897,6068,14.0,14,False,receive_fallback_train_excludes_evaluation,77.83888888888889,318.6,14666.664598765434,25.946296296296296,106.2,1496.4644097222222,1606.78515625,0.0008212428141253764,3,3653,66,110,5021,0.5783664459161147,1917,453,66,6,601,0.8835978835978836,818,189,64,12,387,0.5652173913043478,1580,23,60,0,59,43,1.9920567760000267,False,43,1.993017411999972,False,42,1.9978928079999605,False
30,0.09402501157943492,0.48055599786389314,256,256,126,1412,126,94,0,162,0.0,1.9713223523333454,1.974624005999999,0,0.654691219329834,0.3657608851790428,2.670746326446533,95.85335659362741,47.177823948425996,6194,14.666666666666666,15,False,receive_fallback_train_excludes_evaluation,78.06296296296296,318.3,14660.756406035665,26.020987654320987,106.10000000000001,1501.3940248842594,1612.18359375,0.0008212428141253764,3,3653,65,112,5133,0.47902869757174393,1485,453,65,0,601,0.9206349206349206,1128,189,65,14,401,0.5217391304347826,1702,23,61,0,59,42,1.970145687000013,False,42,1.9691973640000242,False,42,1.974624005999999,False
31,0.09796201945345068,0.4896504608540927,256,256,126,1434,126,95,0,161,0.0,1.9749264113332476,1.9776815809998425,0,0.655583381652832,0.3508440628647804,2.662503719329834,96.1501004266903,47.32387755376163,6320,14.0,14,False,receive_fallback_train_excludes_evaluation,77.30185185185184,318.3,14353.623144718793,25.76728395061728,106.10000000000001,1508.9349681712963,1615.6484375,0.0005474952094169176,2,3653,65,99,5232,0.5209713024282561,1648,453,66,10,611,0.9153439153439153,1063,189,66,17,418,0.5217391304347826,1605,23,59,0,59,42,1.974010319999934,False,42,1.9730873329999667,False,42,1.9776815809998425,False
32,0.10444650301065309,0.46778266741444813,256,256,129,1455,129,96,0,160,0.0,1.9985493370000615,2.0025059780000447,0,0.6504349708557129,0.31076446175575256,2.6665565967559814,96.00396268034912,48.37699681939468,6449,14.0,14,False,receive_fallback_train_excludes_evaluation,171.73703703703703,5075.7,468106.8815912207,57.245679012345676,1691.8999999999999,1517.546585648148,1615.859375,0.003011223651793047,11,3653,66,101,5333,0.6026490066225165,2038,453,64,21,632,0.8306878306878307,716,189,64,7,425,0.43478260869565216,1553,23,62,0,59,43,1.9973092510001607,False,43,1.9958327819999795,False,43,2.0025059780000447,False
33,0.10375173691523853,0.47905792851961204,256,256,126,1425,126,102,0,154,0.0,1.9673907209999772,1.968355345999953,0,0.657238245010376,0.3898995518684387,2.6742753982543945,95.7268649919531,47.11556636322691,6575,14.666666666666666,15,False,receive_fallback_train_excludes_evaluation,165.18703703703702,4683.4,399851.94668381335,55.06234567901234,1561.1333333333332,1505.4828559027778,1615.859375,0.0010949904188338351,4,3653,65,91,5424,0.6114790286975718,2257,453,65,13,645,0.8253968253968254,676,189,66,22,447,0.4782608695652174,1381,23,60,0,59,42,1.9664519479999854,False,42,1.9673648689999936,False,42,1.968355345999953,False
34,0.0998147290412228,0.48587328298250276,256,256,128,1421,128,95,0,161,0.0,1.9864307573334372,2.0011512080000102,0,0.6686992645263672,0.3356460779905319,2.6854336261749268,95.3291109133242,47.6645554566621,6703,14.333333333333334,15,False,receive_fallback_train_excludes_evaluation,78.47818181818182,318.2,14721.537342148757,26.15939393939394,106.06666666666666,1505.7609375,1615.859375,0.0008212428141253764,3,3653,65,112,5536,0.5584988962472406,2134,453,65,4,649,0.8624338624338624,752,189,65,12,459,0.5217391304347826,1429,23,61,0,59,43,2.0011512080000102,False,43,2.0003039580001314,False,42,1.95783710600017,False
35,0.09911996294580824,0.4860468391940972,256,256,126,1413,126,104,0,152,0.0,1.964755673333381,1.968678483000076,0,0.6664505004882812,0.3313758000731468,2.673030138015747,95.77146039589168,47.13751566360294,6829,14.666666666666666,15,False,receive_fallback_train_excludes_evaluation,77.66111111111111,317.9,14606.936820987656,25.887037037037036,105.96666666666665,1532.939525462963,1642.5390625,0.0010949904188338351,4,3653,65,100,5636,0.543046357615894,2058,453,67,17,666,0.8783068783068783,846,189,64,9,468,0.5217391304347826,1410,23,60,0,59,42,1.9631900720000885,False,42,1.9623984649999784,False,42,1.968678483000076,False
36,0.10166743862899491,0.4622227232652035,256,256,127,1504,127,92,0,164,0.0,1.9879370396668037,1.9903250680001747,0,0.6758778095245361,0.36926648020744324,2.688448190689087,95.22221811326169,47.239147267125915,6956,14.666666666666666,15,False,receive_fallback_train_excludes_evaluation,167.78363636363636,4911.1,431145.8653685951,55.92787878787879,1637.0333333333335,1542.2876420454545,1652.73046875,0.001368738023542294,5,3653,65,101,5737,0.5673289183222958,2235,453,65,17,683,0.8888888888888888,945,189,65,9,477,0.391304347826087,1133,23,61,0,59,42,1.987173865000159,False,43,1.9863121860000774,False,42,1.9903250680001747,False
37,0.10097267253358036,0.45121628424545795,256,256,124,1444,124,128,0,128,0.0,1.9093407369998658,1.9761507629998505,0,0.7148997783660889,0.32029975205659866,2.7311651706695557,93.73288834715207,45.40186779315179,7080,16.0,16,False,receive_fallback_train_excludes_evaluation,81.71071428571429,318.3,15129.785956632652,27.236904761904764,106.10000000000001,1547.4321986607142,1655.98828125,0.0008212428141253764,3,3653,65,109,5846,0.5673289183222958,2225,453,65,2,685,0.8888888888888888,921,189,66,13,490,0.34782608695652173,1169,23,60,0,59,43,1.9761507629998505,False,43,1.9727691159998813,False,38,1.7791023319998658,False
38,0.10282538212135248,0.4644072342345651,256,256,126,1461,126,127,0,129,0.0,2.0047624110000015,2.0055499560000953,0,0.6483340263366699,0.3443521335721016,2.6659903526306152,96.02435348177343,47.26198647931036,7206,14.0,14,False,receive_fallback_train_excludes_evaluation,76.62037037037037,308.3,14507.948659122081,25.540123456790123,102.76666666666667,1551.859157986111,1662.69921875,0.0008212428141253764,3,3653,64,110,5956,0.58719646799117,2132,453,66,3,688,0.8783068783068783,740,189,65,13,503,0.391304347826087,1443,23,61,0,59,42,2.0055499560000953,False,42,2.0039100819999476,False,42,2.0048271949999616,False
39,0.11463640574339973,0.46001016586227567,256,256,132,1436,132,111,0,145,0.0,1.9986781010001475,2.000288669000156,0,0.7797329425811768,0.3403219059109688,2.7863879203796387,91.87521885506905,47.373159722144976,7338,16.0,16,False,receive_fallback_train_excludes_evaluation,86.08771929824562,318.3,15579.409498307172,28.69590643274854,106.10000000000001,1564.7486979166667,1666.67578125,0.011223651793046812,41,3653,65,113,6069,0.6291390728476821,2439,453,66,2,690,0.8518518518518519,626,189,66,17,520,0.34782608695652173,1212,23,59,0,59,44,1.9982796830001917,False,44,1.9974659510000947,False,44,2.000288669000156,False
40,0.12297359888837425,0.4514767619744703,256,256,126,1551,126,122,0,134,0.0,1.9633541533332846,1.9660220440000558,0,0.647815465927124,0.34643344208598137,2.6644885540008545,96.07847615468417,47.28862498238362,7464,15.0,15,False,receive_fallback_train_excludes_evaluation,86.57407407407408,523.1,18057.705994513035,28.858024691358025,174.36666666666667,1579.7306134259259,1679.03125,0.021899808376676703,80,3653,66,96,6165,0.6225165562913907,2432,453,65,10,700,0.8571428571428571,634,189,64,20,540,0.30434782608695654,1172,23,61,0,59,42,1.9660220440000558,False,42,1.9617284419998668,False,42,1.962311973999931,False
41,0.12413154238073182,0.4598891597138367,256,256,125,1440,125,111,0,145,0.0,1.9619567883333577,1.9625461279999854,0,0.6570301055908203,0.3120599016547203,2.6678380966186523,95.95784703894394,46.85441749948435,7589,15.0,15,False,receive_fallback_train_excludes_evaluation,76.97962962962964,318.5,14529.300881344308,25.65987654320988,106.16666666666667,1569.8279803240741,1679.78515625,0.028469750889679714,104,3653,64,88,6253,0.5584988962472406,2197,453,64,4,704,0.9047619047619048,801,189,64,33,573,0.34782608695652173,1216,23,64,0,59,42,1.9625461279999854,False,42,1.9620132000000012,False,41,1.9613110370000868,False
42,0.12343677628531728,0.4637036835145171,256,256,126,1480,126,124,0,132,0.0,1.975681573999888,1.9766022509998038,0,0.6502659320831299,0.29787955805659294,2.6613500118255615,96.19178193866954,47.34439267293891,7715,14.0,14,False,receive_fallback_train_excludes_evaluation,113.17962962962963,1932.2,76837.66051097395,37.726543209876546,644.0666666666667,1563.644314236111,1679.87109375,0.033397207774431975,122,3653,64,81,6334,0.4988962472406181,2040,453,65,9,713,0.9312169312169312,1043,189,65,36,609,0.391304347826087,1113,23,62,0,59,42,1.975600945999986,False,42,1.9766022509998038,False,42,1.9748415249998743,False
43,0.11324687355257064,0.47206845910803125,256,256,127,1487,127,120,0,136,0.0,2.0041153963332667,2.004755083999953,0,0.6291944980621338,0.3484934791922569,2.6410279273986816,96.93195491959484,48.08733701089275,7842,13.0,13,False,receive_fallback_train_excludes_evaluation,150.4777777777778,4108.0,309481.9828395062,50.159259259259265,1369.3333333333333,1567.2681568287037,1680.33203125,0.021626060771968245,79,3653,65,95,6429,0.4900662251655629,1898,453,66,2,715,0.9417989417989417,1111,189,65,30,639,0.43478260869565216,1230,23,60,0,59,43,2.004143658999965,False,42,2.003447445999882,False,42,2.004755083999953,False
44,0.12806855025474756,0.4647503810736086,256,256,126,1349,126,115,0,141,0.0,1.9669257809998726,1.9677119599998605,0,0.6605610847473145,0.33217494934797287,2.6719284057617188,95.81095041617293,47.15695215796011,7968,15.0,15,False,receive_fallback_train_excludes_evaluation,77.27592592592593,318.0,14782.517753772288,25.758641975308645,106.0,1642.0243778935185,1680.73828125,0.027101012866137423,99,3653,67,100,6529,0.6269315673289183,2584,453,64,2,717,0.8571428571428571,654,189,65,24,663,0.34782608695652173,981,23,60,0,59,42,1.9677119599998605,False,42,1.966222359999847,False,42,1.9668430229999103,False
45,0.11602593793422881,0.4559915416249433,256,256,126,1482,126,139,0,117,0.0,1.9919275629999145,1.9928895349999038,0,0.6330862045288086,0.4049917384982109,2.645280361175537,96.77613146692552,47.63200220637741,8094,14.0,14,False,receive_fallback_train_excludes_evaluation,75.38703703703703,308.1,13959.488906035665,25.129012345679012,102.7,1563.8677662037037,1681.23828125,0.012318642211880646,45,3653,64,87,6616,0.6490066225165563,2717,453,64,12,729,0.8148148148148148,520,189,64,21,684,0.34782608695652173,1036,23,64,6,65,42,1.9928895349999038,False,42,1.9907932579999397,False,42,1.9920998959998997,False
46,0.1032885595182955,0.48227884884123706,256,256,126,1483,126,140,0,116,0.0,1.9808725936666935,1.9816864350000287,0,0.6641585826873779,0.3480941019952297,2.676748275756836,95.63842902919865,47.07203928780871,8220,14.0,14,False,receive_fallback_train_excludes_evaluation,76.96000000000001,318.3,14556.544218181822,25.653333333333336,106.10000000000001,1566.3617897727272,1681.70703125,0.003011223651793047,11,3653,64,83,6699,0.5695364238410596,2120,453,64,9,738,0.8783068783068783,671,189,64,24,708,0.4782608695652174,1516,23,64,10,75,42,1.9799774630000684,False,42,1.9809538829999838,False,42,1.9816864350000287,False
47,0.10699397869383974,0.47228953747875,256,256,126,1467,126,141,0,115,0.0,1.9683796596668042,1.9693133530001887,0,0.6483950614929199,0.3481817655265331,2.6609089374542236,96.20772676457067,47.35224051693712,8346,14.0,14,False,receive_fallback_train_excludes_evaluation,76.3425925925926,318.0,14340.697259945131,25.44753086419753,106.0,1564.4953703703704,1682.1640625,0.005474952094169176,20,3653,64,81,6780,0.5717439293598234,2355,453,64,12,750,0.9206349206349206,832,189,64,33,741,0.391304347826087,1111,23,64,0,75,42,1.9684208200001194,False,42,1.9674048060001041,False,42,1.9693133530001887,False
48,0.10861509958314035,0.475185793179559,256,256,126,1456,126,136,0,120,0.0,1.9672975393332308,1.9685308779999104,0,0.6575143337249756,0.3635387644171715,2.674774169921875,95.70901456980843,47.10678060857759,8472,15.0,15,False,receive_fallback_train_excludes_evaluation,76.67272727272727,318.3,14734.135074380167,25.55757575757576,106.10000000000001,1567.3421164772728,1682.625,0.006022447303586094,22,3653,64,126,6906,0.5827814569536424,2487,453,64,0,750,0.9206349206349206,865,189,64,0,741,0.391304347826087,944,23,64,0,75,42,1.9670995649998986,False,42,1.9662621749998834,False,42,1.9685308779999104,False
49,0.1062992125984252,0.47981499643200015,256,256,126,1431,126,144,0,112,0.0,1.9849604563334349,1.9858505280001282,0,0.6410918235778809,0.24349445104599,2.65264892578125,96.5073054002439,47.49968937668254,8598,14.0,14,False,receive_fallback_train_excludes_evaluation,160.16111111111113,4570.8,381038.7383024692,53.38703703703704,1523.6000000000001,1580.765842013889,1683.078125,0.0021899808376676703,8,3653,64,122,7028,0.609271523178808,2675,453,64,4,754,0.873015873015873,622,189,64,0,741,0.43478260869565216,1013,23,64,0,75,42,1.9858505280001282,False,42,1.98500261900017,False,42,1.9840282220000063,False
50,0.10653080129689671,0.47968742931921,256,256,126,1459,126,133,0,123,0.0,1.9729606500000803,1.9751302019999457,0,0.6737065315246582,0.28211361169815063,2.6881465911865234,95.23290167259961,46.87244379198262,8724,15.0,15,False,receive_fallback_train_excludes_evaluation,77.73636363636363,318.2,14540.257586776857,25.91212121212121,106.06666666666666,1569.4749289772728,1683.54296875,0.003011223651793047,11,3653,64,122,7150,0.6026490066225165,2445,453,64,4,758,0.8783068783068783,761,189,64,0,741,0.43478260869565216,1101,23,64,0,75,42,1.9751302019999457,False,42,1.9723539850001544,False,42,1.971397763000141,False
51,0.1079203334877258,0.4663048540883962,256,256,126,1474,126,129,0,127,0.0,1.9724849000000024,1.973376245000054,0,0.6728482246398926,0.29430345445871353,2.6852028369903564,95.33730430842658,46.92382946430371,8850,15.0,15,False,receive_fallback_train_excludes_evaluation,77.65454545454547,318.3,14658.211570247931,25.88484848484849,106.10000000000001,1569.4123579545455,1684.0234375,0.005748699698877635,21,3653,64,114,7264,0.6004415011037527,2490,453,64,12,770,0.8677248677248677,848,189,64,0,741,0.391304347826087,959,23,64,0,75,42,1.9726223610000488,False,42,1.9714560939999046,False,42,1.973376245000054,False
52,0.12019453450671608,0.46629104226169743,256,256,126,1434,126,139,0,117,0.0,1.974508637666607,1.9752614159999666,0,0.7253115177154541,0.29496297612786293,2.7425336837768555,93.3443412251739,45.942917946765284,8976,16.0,16,False,receive_fallback_train_excludes_evaluation,82.51071428571429,318.2,14891.679528061222,27.50357142857143,106.06666666666666,1584.354701450893,1690.30859375,0.015603613468382151,57,3653,64,115,7379,0.6445916114790287,2876,453,64,11,781,0.8571428571428571,664,189,64,0,741,0.34782608695652173,721,23,64,0,75,42,1.9752614159999666,False,42,1.9744954299999335,False,42,1.973769066999921,False
53,0.14242704955998148,0.47735111764461713,256,256,126,1444,126,143,0,113,0.0,1.9723710343333398,2.0028013440000905,0,0.6709671020507812,0.2521916776895523,2.6866495609283447,95.28596647772022,46.89856162575292,9102,14.666666666666666,15,False,receive_fallback_train_excludes_evaluation,77.95272727272727,306.4,14488.050856198352,25.984242424242424,102.13333333333333,1583.0624289772727,1696.546875,0.049548316452231046,181,3653,64,114,7493,0.5584988962472406,2258,453,64,12,793,0.91005291005291,928,189,64,0,741,0.391304347826087,951,23,64,0,75,42,1.9581268209999507,False,42,1.9561849379999785,False,42,2.0028013440000905,False
54,0.1489115331171839,0.4758832745279795,256,256,126,1436,126,125,0,131,0.0,1.9928440533334044,1.9943667899999582,0,0.659576416015625,0.19281024485826492,2.675384044647217,95.6871969511042,47.0960422493716,9228,14.0,14,False,receive_fallback_train_excludes_evaluation,77.92407407407408,318.2,14623.04479080933,25.974691358024696,106.06666666666666,1640.0456452546296,1749.30078125,0.0591294826170271,217,3653,64,116,7609,0.543046357615894,1984,453,64,10,803,0.91005291005291,951,189,64,0,741,0.391304347826087,1166,23,64,0,75,42,1.9926193820001572,False,42,1.9943667899999582,False,42,1.991545988000098,False
55,0.166975451597962,0.4877152111672504,256,256,126,1430,126,138,0,118,0.0,1.9695238430000093,1.9704434919999585,0,0.6780543327331543,0.25068793818354607,2.6897828578948975,95.17496895654732,46.84393003330064,9354,15.0,15,False,receive_fallback_train_excludes_evaluation,78.28181818181818,318.2,14658.622214876035,26.093939393939394,106.06666666666666,1658.2600142045455,1768.7109375,0.07418560087599234,271,3653,64,117,7726,0.6070640176600441,2443,453,64,9,812,0.8783068783068783,641,189,64,0,741,0.391304347826087,963,23,64,0,75,42,1.9704434919999585,False,42,1.9685555900000509,False,42,1.9695724470000187,False
56,0.14150069476609542,0.46699937055404195,256,256,126,1441,126,152,0,104,0.0,1.9953381253332434,1.995971289999943,0,0.670111894607544,0.3010929226875305,2.6831471920013428,95.41034527034321,46.95977931274705,9480,14.0,14,False,receive_fallback_train_excludes_evaluation,77.04909090909089,318.1,14331.689408264463,25.683030303030296,106.03333333333335,1665.4180397727273,1775.66015625,0.03941965507801807,144,3653,64,113,7839,0.6512141280353201,2893,453,64,13,825,0.873015873015873,534,189,64,0,741,0.30434782608695654,747,23,64,0,75,42,1.9946346219999214,False,42,1.995971289999943,False,42,1.9954084639998655,False
57,0.11625752663270032,0.4574099863977138,256,256,124,1434,124,142,0,114,0.0,1.969083971333248,1.9705967869999768,0,0.6488089561462402,0.19440294057130814,2.667208433151245,95.9805003681478,46.49055486582159,9604,14.0,14,False,receive_fallback_train_excludes_evaluation,77.23703703703704,318.3,14524.000850480108,25.74567901234568,106.10000000000001,1670.9437934027778,1781.75390625,0.011223651793046812,41,3653,64,106,7945,0.6357615894039735,2886,453,64,18,843,0.8783068783068783,602,189,64,0,741,0.30434782608695654,789,23,64,0,75,41,1.9678582879998885,False,42,1.9705967869999768,False,41,1.9687968389998787,False
58,0.11069939786938397,0.47030102812534236,256,256,126,1429,126,149,0,107,0.0,1.973439180333268,1.9748217789999671,0,0.6658463478088379,0.1923181600868702,2.6811962127685547,95.47977085036199,46.99394971541254,9730,14.333333333333334,15,False,receive_fallback_train_excludes_evaluation,77.76,318.5,14802.574036363638,25.92,106.16666666666667,1676.7982954545455,1787.85546875,0.009854913769504517,36,3653,64,113,8058,0.5805739514348786,2502,453,64,13,856,0.8994708994708994,856,189,64,0,741,0.391304347826087,924,23,64,0,75,42,1.9732547569999497,False,42,1.9748217789999671,False,42,1.972241004999887,False
59,0.11208893006021306,0.47841613696356894,256,256,123,1431,123,146,0,110,0.0,1.9576276030000674,1.9586637669999618,0,0.6350154876708984,0.22442300245165825,2.6512720584869385,96.55742389036352,46.3928247598231,9853,14.0,14,False,receive_fallback_train_excludes_evaluation,143.86851851851853,3702.6,253081.5114163238,47.95617283950617,1234.2,1682.2163628472222,1794.3671875,0.01341363263071448,49,3653,64,103,8161,0.5607064017660044,2176,453,64,20,876,0.9047619047619048,911,189,64,0,741,0.43478260869565216,1182,23,64,0,75,41,1.9575838110001769,False,41,1.9566352310000639,False,41,1.9586637669999618,False
60,0.12158406669754517,0.484423263360269,256,256,126,1432,126,151,0,105,0.0,1.9805552940000173,1.9813686210000014,0,0.6655871868133545,0.19040603190660477,2.682297945022583,95.44055330432155,46.97464732947076,9979,14.666666666666666,15,False,receive_fallback_train_excludes_evaluation,77.6309090909091,305.9,14443.564680991734,25.8769696969697,101.96666666666665,1688.9417613636363,1800.66015625,0.02107856556255133,77,3653,64,87,8248,0.5982339955849889,2575,453,64,28,904,0.8835978835978836,647,189,64,11,752,0.43478260869565216,1019,23,64,0,75,42,1.979591014000107,False,42,1.9813686210000014,False,42,1.9807062469999437,False
61,0.13640574339972208,0.49402962784867727,256,256,126,1425,126,143,0,113,0.0,1.9672525316666452,1.9702324279999175,0,0.67537522315979,0.1823410652577877,2.6833062171936035,95.40469081003486,46.95699625806404,10000,15.0,15,False,receive_fallback_train_excludes_evaluation,77.70727272727272,318.1,14693.41194710744,25.902424242424242,106.03333333333335,1696.377059659091,1806.90234375,0.03476594579797427,127,3653,64,105,8248,0.6335540838852097,2723,453,64,14,918,0.873015873015873,557,189,64,7,759,0.43478260869565216,911,23,64,0,75,42,1.965487592000045,False,42,1.966037574999973,False,42,1.9702324279999175,False
62,0.13594256600277907,0.4791195373386101,256,256,125,1438,125,155,0,101,0.0,1.9687742443332656,1.9695939729999736,0,0.6351814270019531,0.21883003413677216,2.6508572101593018,96.57253473287452,47.15455797503638,10000,14.0,14,False,receive_fallback_train_excludes_evaluation,75.54074074074074,315.3,14150.618340192044,25.18024691358025,105.10000000000001,1706.9795283564815,1810.81640625,0.038050917054475775,139,3653,64,106,8229,0.5982339955849889,2455,453,64,19,937,0.8888888888888888,739,189,64,0,759,0.391304347826087,985,23,64,0,75,42,1.9678555599998617,False,42,1.9688731999999618,False,41,1.9695939729999736,False
63,0.12366836498378879,0.48566181251266904,256,256,125,1475,125,144,0,112,0.0,1.961789660999936,1.9626516159999028,0,0.6644084453582764,0.24018577486276627,2.676736831665039,95.6388379207072,46.69865132847031,10000,15.0,15,False,receive_fallback_train_excludes_evaluation,76.8618181818182,306.0,14451.407451239666,25.620606060606065,102.0,1698.81171875,1815.16015625,0.033397207774431975,122,3653,64,117,8221,0.49448123620309054,1736,453,64,2,939,0.9365079365079365,1182,189,64,6,765,0.4782608695652174,1278,23,64,0,75,42,1.961861221999925,False,42,1.9608561449999797,False,41,1.9626516159999028,False
64,0.13733209819360814,0.49273534334164737,256,256,126,1475,126,146,0,110,0.0,1.9985555369999777,2.000015767999912,0,0.6576411724090576,0.2532667852938175,2.670147657394409,95.87484770404444,47.18840160433437,10000,14.0,14,False,receive_fallback_train_excludes_evaluation,77.61851851851851,307.6,14629.358175582995,25.872839506172838,102.53333333333335,1701.2142650462963,1817.7734375,0.04024089789214345,147,3653,64,110,8205,0.5805739514348786,2197,453,64,8,947,0.9153439153439153,819,189,64,4,769,0.43478260869565216,1155,23,64,4,79,42,2.000015767999912,False,42,1.9981222330000037,False,42,1.9975286100000176,False
65,0.13617415470125058,0.5410158169282189,256,256,126,1476,126,156,0,100,0.0,1.9785464410000106,1.979257281999935,0,0.6673290729522705,0.23542433232069016,2.675197124481201,95.69388276374059,47.09933292277857,10000,14.0,14,False,receive_fallback_train_excludes_evaluation,77.43518518518519,318.0,14678.99191015089,25.81172839506173,106.0,1706.5768229166667,1834.34765625,0.035313441007391186,131,3653,64,111,8190,0.6247240618101545,2407,453,64,15,962,0.8518518518518519,548,189,64,0,769,0.6521739130434783,1232,23,64,0,79,42,1.979257281999935,False,42,1.9786151870000594,False,42,1.9777668540000377,False
66,0.1412691060676239,0.5328700422960875,256,256,123,1472,123,163,0,93,0.0,1.9582981919999536,1.959222476999912,0,0.6566107273101807,0.2942602410912514,2.6756765842437744,95.67673518821528,45.96968135996281,10000,15.0,15,False,receive_fallback_train_excludes_evaluation,77.2462962962963,318.5,14527.578782578874,25.748765432098764,106.16666666666667,1720.9227430555557,1818.78515625,0.042704626334519574,160,3653,64,106,8173,0.6070640176600441,2394,453,64,3,965,0.873015873015873,620,189,64,14,783,0.6086956521739131,1144,23,64,0,79,41,1.957304606999969,False,41,1.959222476999912,False,41,1.9583674919999794,False
67,0.14080592867068087,0.5271321607649743,256,256,125,1436,125,152,0,104,0.0,1.9875255169999946,2.004033831000015,0,0.638749361038208,0.22073365934193134,2.6534597873687744,96.4778140669902,47.10830764989756,10000,13.333333333333334,14,False,receive_fallback_train_excludes_evaluation,75.5037037037037,318.2,14120.438875171465,25.167901234567903,106.06666666666666,1708.865162037037,1819.2109375,0.04297837393922803,157,3653,64,110,8158,0.5849889624724062,2434,453,64,15,980,0.9153439153439153,825,189,64,0,783,0.5652173913043478,902,23,64,0,79,41,1.9553744439999718,False,42,2.0031682759999967,False,42,2.004033831000015,False
68,0.12575266327003243,0.4872140793552333,256,256,126,1429,126,154,0,102,0.0,1.990005041666791,1.99296766700013,0,0.6386284828186035,0.2731383815407753,2.650318145751953,96.59217721099941,47.54146222103877,10000,13.666666666666666,14,False,receive_fallback_train_excludes_evaluation,76.73333333333333,318.5,14222.547777777772,25.57777777777778,106.16666666666667,1725.9321469907406,1836.4296875,0.041609635915685735,153,3653,64,123,8155,0.44370860927152317,1855,453,64,3,983,0.9417989417989417,1188,189,64,0,783,0.5217391304347826,1122,23,64,0,79,42,1.9874093620001076,False,42,1.9896380960001352,False,42,1.99296766700013,False
69,0.12482630847614637,0.4766966712511551,256,256,123,1482,123,155,0,101,0.0,1.9622969286666223,1.9638883200000237,0,0.6506233215332031,0.2377934455871582,2.6625454425811768,96.14859371257283,46.19639463533773,10000,14.666666666666666,15,False,receive_fallback_train_excludes_evaluation,76.92407407407407,318.4,14403.423309327847,25.641358024691357,106.13333333333333,1725.671875,1844.23828125,0.04544210238160416,166,3653,64,89,8121,0.4083885209713024,1803,453,64,21,1004,0.9312169312169312,1208,189,64,13,796,0.5217391304347826,1141,23,64,0,79,41,1.9610272180000266,False,41,1.961975247999817,False,41,1.9638883200000237,False
70,0.13270032422417785,0.4863667507440569,256,256,126,1484,126,155,0,101,0.0,1.9692768133332568,1.9702283599999646,0,0.6522934436798096,0.2753831781446934,2.6667191982269287,95.99810890108395,47.24906922475226,10000,14.0,14,False,receive_fallback_train_excludes_evaluation,77.47592592592594,318.2,14638.311827846364,25.82530864197531,106.06666666666666,1743.4116753472222,1848.96484375,0.03175472214618122,116,3653,64,100,8095,0.6070640176600441,2697,453,64,18,1022,0.9153439153439153,736,189,64,8,804,0.391304347826087,769,23,64,0,79,42,1.9693204149998564,False,42,1.9682816649999495,False,42,1.9702283599999646,False
71,0.13640574339972208,0.5077487961482232,256,256,124,1432,124,155,0,101,0.0,1.9703776740000951,1.9715248610000344,0,0.6651935577392578,0.24986067414283752,2.681889772415161,95.45507896450964,46.23605387343436,10000,15.0,15,False,receive_fallback_train_excludes_evaluation,166.05272727272722,4925.6,433960.4166743802,55.35090909090908,1641.8666666666668,1739.8045454545454,1851.125,0.028743498494388176,105,3653,64,88,8059,0.673289183222958,2930,453,64,27,1049,0.8941798941798942,591,189,64,9,813,0.43478260869565216,692,23,64,0,79,40,1.9692431670000587,False,42,1.9715248610000344,False,42,1.9703649940001924,False
72,0.1440481704492821,0.5096283469719421,256,256,128,1479,128,162,0,94,0.0,1.9905422583334105,1.9944679330001236,0,0.6698698997497559,0.24790918081998825,2.6820785999298096,95.4483586001915,47.72417930009575,10000,14.0,14,False,receive_fallback_train_excludes_evaluation,78.01636363636364,318.3,14510.048641322313,26.005454545454544,106.10000000000001,1748.4672585227272,1858.0078125,0.03668217903093348,134,3653,64,114,8045,0.6887417218543046,2843,453,64,4,1053,0.8783068783068783,553,189,64,10,823,0.43478260869565216,788,23,64,0,79,43,1.9890056260001074,False,43,1.9881532160000006,False,42,1.9944679330001236,False
73,0.15423807318202873,0.5307531783431787,256,256,124,1485,124,168,0,88,0.0,1.9718549956667932,1.9730393230001937,0,0.6637527942657471,0.26685255393385887,2.6813032627105713,95.4759588593517,46.24616757249848,10000,15.0,15,False,receive_fallback_train_excludes_evaluation,160.38909090909092,4609.6,381208.6344264464,53.46303030303031,1536.5333333333335,1748.058806818182,1862.77734375,0.05146454968519026,189,3653,64,108,8029,0.6556291390728477,2523,453,64,5,1058,0.8941798941798942,625,189,64,11,834,0.5217391304347826,981,23,64,0,79,42,1.9717586680001205,False,41,1.9707669960000658,False,41,1.9730393230001937,False
74,0.1662806855025475,0.5430746950431594,256,256,126,1477,126,167,0,89,0.0,1.992524900999797,1.9936367709997285,0,0.6618907451629639,0.18092034757137299,2.6698856353759766,95.88425684156684,47.19303266420868,10000,14.0,14,False,receive_fallback_train_excludes_evaluation,77.51296296296296,318.4,14758.036313443074,25.837654320987653,106.13333333333333,1751.3266782407406,1866.3671875,0.06788940596769778,250,3653,64,106,8009,0.6291390728476821,2306,453,64,7,1065,0.91005291005291,696,189,64,13,847,0.5652173913043478,1066,23,64,0,79,42,1.9923913749998974,False,42,1.991546556999765,False,42,1.9936367709997285,False
75,0.19800833719314498,0.5528425585323588,256,256,126,1483,126,169,0,87,0.0,1.9920957669999855,1.9934804790000271,0,0.6613600254058838,0.19289545714855194,2.6686208248138428,95.92970182186073,47.21540011544708,10000,14.0,14,False,receive_fallback_train_excludes_evaluation,77.29629629629629,298.7,14428.382949245539,25.76543209876543,99.56666666666666,1754.8187934027778,1870.5234375,0.1042978373939228,385,3653,64,109,7992,0.6423841059602649,2308,453,64,14,1079,0.8994708994708994,638,189,64,3,850,0.5652173913043478,987,23,64,0,79,42,1.9909004099999947,False,42,1.9919064119999348,False,42,1.9934804790000271,False
76,0.23529411764705882,0.5538437873615292,256,256,125,1482,125,161,0,95,0.0,1.981125607000043,1.9825057230000311,0,0.665031909942627,0.18532904610037804,2.6781723499298096,95.58757486489222,46.67362053949815,10000,14.0,14,False,receive_fallback_train_excludes_evaluation,77.11636363636363,318.2,14605.825004958673,25.705454545454543,106.06666666666666,1757.9615767045455,1874.96875,0.14645496851902545,540,3653,64,117,7984,0.6688741721854304,2391,453,64,4,1083,0.8783068783068783,534,189,64,4,854,0.5217391304347826,853,23,64,0,79,42,1.9798596000000543,False,42,1.9810114980000435,False,41,1.9825057230000311,False
77,0.2318202871699861,0.5679084302411894,256,256,126,1469,126,159,0,97,0.0,1.9900598570000814,1.9908528420000948,0,0.6524207592010498,0.1743328683078289,2.6643898487091064,96.08203548892504,47.2903768422053,10000,14.0,14,False,receive_fallback_train_excludes_evaluation,76.53703703703704,318.4,14199.55196159122,25.512345679012345,106.13333333333333,1772.857204861111,1879.03125,0.13249384067889405,490,3653,64,121,7979,0.7549668874172185,2731,453,64,0,1083,0.8624338624338624,420,189,64,5,859,0.5217391304347826,677,23,64,0,79,42,1.9901164709999648,False,42,1.9908528420000948,False,42,1.9892102580001847,False
78,0.222325150532654,0.5317931406127793,256,256,125,1429,125,171,0,85,0.0,1.9900547346666524,1.9908982120000474,0,0.6612184047698975,0.21811218559741974,2.6814868450164795,95.46942230045761,46.615928857645315,10000,14.0,14,False,receive_fallback_train_excludes_evaluation,77.4,318.6,14564.597090909092,25.8,106.2,1771.1533380681817,1881.43359375,0.12975636463180948,478,3653,64,108,7962,0.6843267108167771,2707,453,64,10,1093,0.8783068783068783,561,189,64,7,866,0.43478260869565216,572,23,64,0,79,42,1.9901036199998998,False,41,1.9908982120000474,False,42,1.9891623720000098,False
79,0.18943955534969895,0.529661874400596,256,256,126,1428,126,169,0,87,0.0,1.9840677923331593,1.9849272819997168,0,0.6420655250549316,0.22505851089954376,2.6496613025665283,96.61612212550789,47.55324760864841,10000,14.0,14,False,receive_fallback_train_excludes_evaluation,75.43148148148148,318.6,14089.735490397805,25.143827160493828,106.2,1775.7112991898148,1885.8515625,0.0963591568573775,354,3653,64,110,7946,0.6181015452538632,2250,453,64,0,1093,0.9259259259259259,907,189,64,12,878,0.4782608695652174,807,23,64,4,83,42,1.984097023999766,False,42,1.983179070999995,False,42,1.9849272819997168,False
80,0.14867994441871238,0.5195070523696129,256,256,126,1439,126,181,0,75,0.0,1.9883483406667135,1.989394867000101,0,0.6581077575683594,0.24806642532348633,2.669736385345459,95.88961719412386,47.195670962732834,10000,14.0,14,False,receive_fallback_train_excludes_evaluation,77.43518518518519,298.6,14561.28079903978,25.81172839506173,99.53333333333335,1785.066189236111,1888.96875,0.05557076375581713,206,3653,64,108,7928,0.543046357615894,1700,453,64,0,1093,0.9576719576719577,1179,189,64,15,893,0.5217391304347826,1233,23,64,3,86,42,1.98727137700007,False,42,1.9883787779999693,False,42,1.989394867000101,False
81,0.15956461324687354,0.5564858586585422,256,256,125,1400,125,174,0,82,0.0,1.9747594926666352,1.9756544189999659,0,0.6737408638000488,0.2109369058161974,2.689249038696289,95.19386130341624,46.48137758955871,10000,15.0,15,False,receive_fallback_train_excludes_evaluation,77.82727272727273,318.5,14499.16052892562,25.94242424242424,106.16666666666667,1779.3395596590908,1889.390625,0.06597317273473857,247,3653,64,107,7910,0.5607064017660044,1718,453,64,0,1093,0.9470899470899471,1018,189,64,15,908,0.6521739130434783,1335,23,64,3,89,42,1.9736934769998697,False,41,1.9756544189999659,False,42,1.97493058200007,False
82,0.16280685502547476,0.564238410199833,256,256,125,1437,125,178,0,78,0.0,1.9818962936666746,1.982795157000055,0,0.6132369041442871,0.2135336846113205,2.6210873126983643,97.66939039373412,47.69013202819049,10000,13.0,13,False,receive_fallback_train_excludes_evaluation,93.28301886792453,1030.7,30967.74103239588,31.09433962264151,343.56666666666666,1782.2248673349056,1889.828125,0.06159321105940323,227,3653,64,105,7890,0.6490066225165563,2344,453,64,5,1098,0.8941798941798942,581,189,64,15,923,0.6521739130434783,1166,23,64,0,89,42,1.982795157000055,False,42,1.9810248449998653,False,41,1.9818688790001033,False
83,0.15354330708661418,0.5416058871953506,256,256,123,1488,123,177,0,79,0.0,1.9817038456667433,1.9823343550001482,0,0.6456336975097656,0.26165760681033134,2.6655616760253906,96.03979615347737,46.14412080811608,10000,14.0,14,False,receive_fallback_train_excludes_evaluation,76.69814814814816,318.4,14465.512033607683,25.566049382716056,106.13333333333333,1774.6588541666667,1890.29296875,0.05693950177935943,210,3653,64,106,7873,0.5960264900662252,2110,453,64,5,1103,0.9047619047619048,711,189,64,12,935,0.6086956521739131,1287,23,64,0,89,41,1.9823343550001482,False,41,1.981010728000001,False,41,1.9817664540000806,False
84,0.14219546086150997,0.5039762234004959,256,256,126,1420,126,172,0,84,0.0,1.9904042879999604,1.9910524950000763,0,0.6417956352233887,0.16603949666023254,2.6596102714538574,96.25470421275648,47.375362229716075,10000,14.0,14,False,receive_fallback_train_excludes_evaluation,76.27777777777777,318.5,14153.70209876543,25.425925925925924,106.16666666666667,1780.704788773148,1890.7109375,0.05255954010402409,198,3653,64,111,7858,0.5209713024282561,1993,453,64,4,1107,0.9206349206349206,1017,189,64,11,946,0.5217391304347826,1110,23,64,0,89,42,1.9910524950000763,False,42,1.9896364619999076,False,42,1.990523906999897,False
85,0.13223714682723484,0.5049009524779906,256,256,123,1421,123,178,0,78,0.0,1.9689200753330927,1.9698822430000291,0,0.6667509078979492,0.16162776201963425,2.6790380477905273,95.5566869276567,45.91200192227255,10000,15.0,15,False,receive_fallback_train_excludes_evaluation,77.33272727272728,318.4,14697.851292561983,25.77757575757576,106.13333333333333,1780.3928977272728,1891.15234375,0.03859841226389269,144,3653,64,103,7838,0.5386313465783664,2160,453,64,3,1110,0.9206349206349206,1005,189,64,17,963,0.5217391304347826,1009,23,64,0,89,41,1.9698822430000291,False,41,1.9690769249996265,False,41,1.9678010579996226,False
86,0.13617415470125058,0.5050975008409738,256,256,128,1427,128,182,0,74,0.0,1.989450177333462,2.0018109110001205,0,0.7410938739776611,0.14117686823010445,2.755486488342285,92.90555445764893,46.452777228824466,10000,15.666666666666666,16,False,receive_fallback_train_excludes_evaluation,84.28571428571429,317.5,15343.029438775511,28.0952380952381,105.83333333333333,1785.501185825893,1891.5859375,0.04379961675335341,164,3653,64,122,7832,0.5342163355408388,2126,453,64,3,1113,0.9206349206349206,1006,189,64,3,966,0.5217391304347826,1022,23,64,0,89,43,2.0018109110001205,False,42,1.9652997270000014,False,43,2.001239894000264,False
87,0.12552107457156092,0.5083518302837033,256,256,126,1483,126,176,0,80,0.0,1.9888854106667775,1.9898475320001126,0,0.6521923542022705,0.16169203259050846,2.6596579551696777,96.25297850891056,47.37451285985442,10000,14.0,14,False,receive_fallback_train_excludes_evaluation,77.42592592592592,317.9,14399.707846364881,25.808641975308642,105.96666666666665,1775.5470196759259,1892.01953125,0.024089789214344376,90,3653,64,120,7826,0.609271523178808,2624,453,64,2,1115,0.8783068783068783,685,189,64,4,970,0.5217391304347826,919,23,64,0,89,42,1.9878752220001843,False,42,1.9898475320001126,False,42,1.9889334780000354,False
88,0.1396479851783233,0.5196866419826356,256,256,126,1473,126,186,0,70,0.0,1.9656521559998812,1.9662687619997996,0,0.6553668975830078,0.15574534982442856,2.669070243835449,95.91354914366302,47.207449969146644,10000,15.0,15,False,receive_fallback_train_excludes_evaluation,77.25555555555556,318.2,14588.124320987656,25.751851851851853,106.06666666666666,1817.9703414351852,1934.03515625,0.0358609362168081,134,3653,64,103,7803,0.6534216335540839,2807,453,64,20,1135,0.8677248677248677,558,189,64,3,973,0.5217391304347826,819,23,64,0,89,42,1.965741577999779,False,42,1.9662687619997996,False,42,1.964946128000065,False
89,0.17021769337656323,0.5280277283327248,256,256,126,1424,126,184,0,72,0.0,1.997206699999727,1.999398175999886,0,0.6570854187011719,0.15379942394793034,2.6708664894104004,95.84904412669184,47.17570140610614,10000,14.0,14,False,receive_fallback_train_excludes_evaluation,77.32222222222224,318.4,14489.413209876539,25.77407407407408,106.13333333333333,1828.7337239583333,1937.66015625,0.07500684369011772,277,3653,64,92,7769,0.6158940397350994,2289,453,64,32,1167,0.8994708994708994,890,189,64,2,975,0.5217391304347826,862,23,64,0,89,42,1.9956799439996757,False,42,1.9965419799996198,False,42,1.999398175999886,False
90,0.18527095877721167,0.5264048208147734,256,256,123,1423,123,188,0,68,0.0,1.9605577289999019,1.961398994999854,0,0.6600720882415771,0.17066717334091663,2.671118974685669,95.83998407638337,46.04811734919983,10000,15.0,15,False,receive_fallback_train_excludes_evaluation,77.45370370370368,309.6,14577.779152949239,25.817901234567895,103.2,1832.2876157407406,1943.11328125,0.0917054475773337,337,3653,64,89,7735,0.6203090507726269,2233,453,64,32,1199,0.9153439153439153,966,189,64,2,977,0.4782608695652174,782,23,64,0,89,41,1.9605640909999238,False,41,1.9597101009999278,False,41,1.961398994999854,False
91,0.19013432144511347,0.5277505642889135,256,256,124,1490,124,171,0,85,0.0,1.9635047899999638,1.9644039479999265,0,0.6247725486755371,0.14011597447097301,2.631922960281372,97.26728474325544,47.113841047514356,10000,14.0,14,False,receive_fallback_train_excludes_evaluation,73.97592592592592,317.4,14205.063309327847,24.65864197530864,105.8,1839.041304976852,1952.18359375,0.09663290446208596,354,3653,64,100,7711,0.6313465783664459,2408,453,64,22,1221,0.9047619047619048,862,189,64,2,979,0.4782608695652174,694,23,64,0,89,42,1.9644039479999265,False,41,1.9636651559999336,False,41,1.9624452660000316,False
92,0.19800833719314498,0.5372070354310062,256,256,124,1495,124,184,0,72,0.0,1.9838608620001044,1.9848269389999587,0,0.6571526527404785,0.1740249451249838,2.6677887439727783,95.95962220710689,46.480442006567394,10000,14.0,14,False,receive_fallback_train_excludes_evaluation,76.90185185185184,318.3,14502.393885459533,25.633950617283947,106.10000000000001,1844.620876736111,1958.05078125,0.10730906104571585,394,3653,64,102,7689,0.6203090507726269,2415,453,64,11,1232,0.8994708994708994,794,189,64,11,990,0.5217391304347826,715,23,64,0,89,41,1.9848269389999587,False,42,1.983988569000303,False,41,1.9827670780000517,False
93,0.19430291801760075,0.5698743169457772,256,256,126,1349,126,190,0,66,0.0,1.984067567333265,1.9850236190000032,0,0.678276777267456,0.17315911129117012,2.6888926029205322,95.20648006616047,46.85943940756336,10000,15.0,15,False,receive_fallback_train_excludes_evaluation,77.30363636363636,318.3,14590.410895867766,25.767878787878786,106.10000000000001,1917.7153409090909,1958.41796875,0.10046537092800438,368,3653,64,119,7682,0.6379690949227373,2509,453,64,3,1235,0.8888888888888888,630,189,64,4,994,0.6521739130434783,811,23,64,0,89,42,1.9850236190000032,False,42,1.9840978140000516,False,42,1.9830812689997401,False
94,0.190365910143585,0.5450703025158945,256,256,123,1424,123,185,0,71,0.0,1.9613972386669047,1.962219742000343,0,0.6568753719329834,0.14177227206528187,2.665113687515259,96.05593982697006,46.151877338739524,10000,14.666666666666666,15,False,receive_fallback_train_excludes_evaluation,76.54814814814816,318.0,14373.403607681756,25.51604938271605,106.0,1854.7119502314815,1958.984375,0.09882288529975362,362,3653,64,106,7665,0.6114790286975718,2342,453,64,13,1248,0.9047619047619048,799,189,64,4,998,0.5652173913043478,815,23,64,0,89,41,1.962219742000343,False,41,1.9605365500001426,False,41,1.9614354240002285,False
95,0.19268179712830014,0.5425534580792273,256,256,126,1405,126,182,0,74,0.0,1.9815870119997878,1.982402073999765,0,0.659142017364502,0.16833229921758175,2.6709206104278564,95.84710193201556,47.174745482163914,10000,14.0,14,False,receive_fallback_train_excludes_evaluation,78.34629629629629,318.2,14786.30581961591,26.115432098765428,106.06666666666666,1848.8042534722222,1959.421875,0.10511908020804818,387,3653,64,117,7656,0.5739514348785872,2057,453,64,7,1255,0.9259259259259259,993,189,64,2,1000,0.5652173913043478,881,23,64,0,89,42,1.9815932709998378,False,42,1.9807656909997604,False,42,1.982402073999765,False
96,0.18550254747568318,0.5886668262066992,256,256,126,1424,126,186,0,70,0.0,1.9940665639999982,1.9950310439999157,0,0.6634156703948975,0.14363275095820427,2.6792314052581787,95.54979069653413,47.028412608450395,10000,14.0,14,False,receive_fallback_train_excludes_evaluation,77.05818181818181,318.3,14450.238069421483,25.686060606060604,106.10000000000001,1848.7299005681818,1959.86328125,0.09225294278675061,341,3653,64,100,7630,0.6026490066225165,1949,453,64,6,1261,0.9206349206349206,755,189,64,12,1012,0.7391304347826086,1273,23,64,8,97,42,1.9941104800000176,False,42,1.9930581680000614,False,42,1.9950310439999157,False
97,0.1732283464566929,0.5989637218711942,256,256,126,1438,126,196,0,60,0.0,1.989245906333205,1.990118118999817,0,0.6550178527832031,0.1532354485243559,2.67083477973938,95.8501821011109,47.176261502890526,10000,14.0,14,False,receive_fallback_train_excludes_evaluation,77.72592592592594,318.3,14833.701550068587,25.908641975308644,106.10000000000001,1849.90234375,1960.3125,0.07090062961949083,261,3653,64,106,7610,0.6799116997792495,2360,453,64,4,1265,0.8624338624338624,476,189,64,3,1015,0.782608695652174,1221,23,64,13,110,42,1.9892969229999835,False,42,1.990118118999817,False,42,1.9883226769998146,False
98,0.1794812413154238,0.583320728749932,256,256,126,1425,126,201,0,55,0.0,2.0004924830000164,2.001458578999973,0,0.6406991481781006,0.186221182346344,2.654559850692749,96.43783316213148,47.46549600948659,10000,13.666666666666666,14,False,receive_fallback_train_excludes_evaluation,76.27407407407406,318.6,14132.69229080933,25.42469135802469,106.2,1872.5905671296296,1983.73828125,0.06569942513003012,240,3653,64,117,7601,0.7858719646799117,2772,453,64,6,1271,0.873015873015873,432,189,64,3,1018,0.6086956521739131,874,23,64,0,110,42,2.001458578999973,False,42,1.9995013930001733,False,42,2.000517476999903,False
99,0.18017600741083836,0.5535875980101029,256,256,126,1434,126,197,0,59,0.0,1.981292083333301,1.9821679159999803,0,0.6511874198913574,0.15242069028317928,2.6631312370300293,96.1274444309758,47.3127265558709,10000,14.0,14,False,receive_fallback_train_excludes_evaluation,76.04444444444444,324.9,14459.045061728397,25.348148148148145,108.3,1874.0986689814815,1986.2890625,0.07528059129482617,275,3653,64,114,7589,0.7019867549668874,2922,453,64,9,1280,0.9153439153439153,618,189,64,3,1021,0.5217391304347826,503,23,64,0,110,42,1.9821679159999803,False,42,1.980334583000058,False,42,1.9813737509998646,False
100,0.21699861046780916,0.5727484236575211,256,256,126,1440,126,193,0,63,0.0,1.989309032000013,1.9914269529999729,0,0.6678910255432129,0.15153163485229015,2.675220012664795,95.69306404260844,47.098929958471345,10000,14.0,14,False,receive_fallback_train_excludes_evaluation,77.38888888888889,298.4,14384.704320987656,25.796296296296294,99.46666666666665,1887.5319733796296,1990.28515625,0.12127018888584724,443,3653,64,93,7556,0.673289183222958,2528,453,64,21,1301,0.9312169312169312,773,189,64,12,1033,0.5652173913043478,574,23,64,0,110,42,1.988750773999982,False,42,1.9914269529999729,False,42,1.9877493690000847,False
